Workbook

Sheet Muraba Veil Sale Summary
A1: Muraba Veil Summary
A3: Muraba Veil Sale Summary
AK4: 3BR | AL4: 2BR | AM4: 2BR Delux | AN4: 2BR Ultra | AO4: 1BR | AP4: 1BR
A5: Typology | B5: Number of Units | C5: Price/Sq.ft | D5: Area (sqft) | E5: Area (sqm) | F5: Internal (sqft/unit) | G5: Terrace (sqft/unit) | H5: Total Internal (sqft) | I5: Total Terrace (sqft) | J5: Total Sellable | K5: Counted Terraces | L5: Total Sellable Counted | M5: Price (per unit) | N5: Total Sales | P5: Parking | Q5: Total Parking | AA5: 10.615884 | AB5: Sqr mtr to
A6: 2 Bedroom | B6: 54 | C6: =AVERAGEIF(Table2[[#Data],[#Totals],[Type]],'Muraba Veil Sale Summary'!A6,Table2[[#Data],[#Totals],[Price]])/AVERAGEIF(Table2[[#Data],[#Totals],[Type]],'Muraba Veil Sale Summary'!A6,Table2[[#Data],[#Totals],[Total Area (Sq.ft)]]) -> 5918.0471 | D6: =F6+G6 -> 3838.0875 | E6: =D6/10.7639104 -> 356.57 | F6: 2218.7649 | G6: 1619.3227 | H6: =F6*B6 -> 119813.3 | I6: =G6*B6 -> 87443.425 | J6: =H6+I6 -> 207256.73 | K6: =I6*$K$4 -> 0 | L6: =K6+H6 -> 119813.3 | M6: =C6*D6 -> 22713983 | N6: =M6*B6 -> 1.2265551e+09 | P6: 2 | Q6: =P6*'Muraba Veil Sale Summary'!$B6 -> 108 | S6: =Q6-R6 -> 108 | U6: ='Muraba Veil Sale Summary'!$M6/'Muraba Veil Sale Summary'!$D6 -> 5918.0471 | Y6: 4023.69 | AA6: =Y6/$AA$5 -> 379.02543
A7: 2 Bedroom - NEW | B7: =104-54 -> 50 | C7: =C6 -> 5918.0471 | D7: =F7+G7 -> 3838.0875 | E7: =D7/10.7639104 -> 356.57 | F7: 2218.7649 | G7: 1619.3227 | H7: =F7*B7 -> 110938.24 | I7: =G7*B7 -> 80966.134 | J7: =H7+I7 -> 191904.38 | K7: =I7*$K$4 -> 0 | L7: =K7+H7 -> 110938.24 | M7: =C7*D7 -> 22713983 | N7: =M7*B7 -> 1.1356991e+09
A8: 3 Bedroom | B8: =COUNTIF(Table2[Type],'Muraba Veil Sale Summary'!A8) -> 52 | C8: =AVERAGEIF(Table2[[#All],[Type]],'Muraba Veil Sale Summary'!A8,Table2[[#All],[Price]])/AVERAGEIF(Table2[[#All],[Type]],'Muraba Veil Sale Summary'!A8,Table2[[#All],[Total Area (Sq.ft)]]) -> 5299.8591 | D8: =F8+G8 -> 4939.4508 | E8: =D8/10.7639104 -> 458.89 | F8: 2880.5301 | G8: 2058.9208 | H8: =F8*B8 -> 149787.56 | I8: =G8*B8 -> 107063.88 | J8: =H8+I8 -> 256851.44 | K8: =I8*$K$4 -> 0 | L8: =K8+H8 -> 149787.56 | M8: =C8*D8 -> 26178394 | N8: =M8*B8 -> 1.3612765e+09 | P8: 2 | Q8: =P8*'Muraba Veil Sale Summary'!$B8 -> 104 | S8: =Q8-R8 -> 104 | U8: ='Muraba Veil Sale Summary'!$M8/'Muraba Veil Sale Summary'!$D8 -> 5299.8591 | Y8: 5124.52 | AA8: =Y8/$AA$5 -> 482.72192
A9: 3 Bedroom Pool | B9: =COUNTIF(Table2[Type],'Muraba Veil Sale Summary'!A9) -> 7 | C9: =AVERAGEIF(Table2[[#All],[Type]],'Muraba Veil Sale Summary'!A9,Table2[[#All],[Price]])/AVERAGEIF(Table2[[#All],[Type]],'Muraba Veil Sale Summary'!A9,Table2[[#All],[Total Area (Sq.ft)]]) -> 6416.9792 | D9: =F9+G9 -> 4939.7738 | E9: =D9/10.7639104 -> 458.92 | F9: 2880.5301 | G9: 2059.2437 | H9: =F9*B9 -> 20163.71 | I9: =G9*B9 -> 14414.706 | J9: =H9+I9 -> 34578.416 | K9: =I9*$K$4 -> 0 | L9: =K9+H9 -> 20163.71 | M9: =C9*D9 -> 31698425 | N9: =M9*B9 -> 2.2188898e+08 | P9: 2 | Q9: =P9*'Muraba Veil Sale Summary'!$B9 -> 14 | S9: =Q9-R9 -> 14 | U9: ='Muraba Veil Sale Summary'!$M9/'Muraba Veil Sale Summary'!$D9 -> 6416.9792 | Y9: 5124.52 | AA9: =Y9/$AA$5 -> 482.72192
A10: 4 Bedroom Pool | B10: =COUNTIF(Table2[Type],'Muraba Veil Sale Summary'!A10) -> 7 | C10: =AVERAGEIF(Table2[[#All],[Type]],'Muraba Veil Sale Summary'!A10,Table2[[#All],[Price]])/AVERAGEIF(Table2[[#All],[Type]],'Muraba Veil Sale Summary'!A10,Table2[[#All],[Total Area (Sq.ft)]]) -> 5002.2117 | D10: =F10+G10 -> 9902.367 | E10: =D10/10.7639104 -> 919.96 | F10: 4643.5509 | G10: 5258.8161 | H10: =F10*B10 -> 32504.857 | I10: =G10*B10 -> 36811.712 | J10: =H10+I10 -> 69316.569 | K10: =I10*$K$4 -> 0 | L10: =K10+H10 -> 32504.857 | M10: =C10*D10 -> 49533736 | N10: =M10*B10 -> 3.4673615e+08 | P10: 3 | Q10: =P10*'Muraba Veil Sale Summary'!$B10 -> 21 | R10: =SUM('[1]Muraba Unit Wise Details '!L101:L117) -> 5.7724938e+08 | S10: =Q10-R10 -> -5.7724936e+08 | U10: ='Muraba Veil Sale Summary'!$M10/'Muraba Veil Sale Summary'!$D10 -> 5002.2117 | Y10: 10105.89 | AA10: =Y10/$AA$5 -> 951.95933
A11: 3 Bedroom Duplex | B11: =COUNTIF(Table2[Type],'Muraba Veil Sale Summary'!A11) -> 1 | C11: =AVERAGEIF(Table2[[#All],[Type]],'Muraba Veil Sale Summary'!A11,Table2[[#All],[Price]])/AVERAGEIF(Table2[[#All],[Type]],'Muraba Veil Sale Summary'!A11,Table2[[#All],[Total Area (Sq.ft)]]) -> 9862.1634 | D11: =F11+G11 -> 8067.7661 | E11: =D11/10.7639104 -> 749.52 | F11: 4733.5372 | G11: 3334.2289 | H11: =F11*B11 -> 4733.5372 | I11: =G11*B11 -> 3334.2289 | J11: =H11+I11 -> 8067.7661 | K11: =I11*$K$4 -> 0 | L11: =K11+H11 -> 4733.5372 | M11: =C11*D11 -> 79565628 | N11: =M11*B11 -> 79565628 | P11: 3 | Q11: =P11*'Muraba Veil Sale Summary'!$B11 -> 3 | S11: =Q11-R11 -> 3 | U11: ='Muraba Veil Sale Summary'!$M11/'Muraba Veil Sale Summary'!$D11 -> 9862.1634 | Y11: 15121.69 | AA11: =Y11/$AA$5 -> 1424.44
A12: 4 Bedroom Simplex | B12: =COUNTIF(Table2[Type],'Muraba Veil Sale Summary'!A12) -> 1 | C12: =AVERAGEIF(Table2[[#All],[Type]],'Muraba Veil Sale Summary'!A12,Table2[[#All],[Price]])/AVERAGEIF(Table2[[#All],[Type]],'Muraba Veil Sale Summary'!A12,Table2[[#All],[Total Area (Sq.ft)]]) -> 10798.796 | D12: =F12+G12 -> 15332.545 | E12: =D12/10.7639104 -> 1424.44 | F12: 7474.8899 | G12: 7857.6546 | H12: =F12*B12 -> 7474.8899 | I12: =G12*B12 -> 7857.6546 | J12: =H12+I12 -> 15332.545 | K12: =I12*$K$4 -> 0 | L12: =K12+H12 -> 7474.8899 | M12: =C12*D12 -> 1.6557303e+08 | N12: =M12*B12 -> 1.6557303e+08 | P12: 4 | Q12: =P12*'Muraba Veil Sale Summary'!$B12 -> 4 | S12: =Q12-R12 -> 4 | U12: ='Muraba Veil Sale Summary'!$M12/'Muraba Veil Sale Summary'!$D12 -> 10798.796 | Y12: 15006.53 | AA12: =Y12/$AA$5 -> 1413.5921
A13: 4 Bedroom Duplex | B13: =COUNTIF(Table2[Type],'Muraba Veil Sale Summary'!A13) -> 1 | C13: =AVERAGEIF(Table2[[#All],[Type]],'Muraba Veil Sale Summary'!A13,Table2[[#All],[Price]])/AVERAGEIF(Table2[[#All],[Type]],'Muraba Veil Sale Summary'!A13,Table2[[#All],[Total Area (Sq.ft)]]) -> 10011.227 | D13: =F13+G13 -> 14745.696 | E13: =D13/10.7639104 -> 1369.92 | F13: 7485.6538 | G13: 7260.0423 | H13: =F13*B13 -> 7485.6538 | I13: =G13*B13 -> 7260.0423 | J13: =H13+I13 -> 14745.696 | K13: =I13*$K$4 -> 0 | L13: =K13+H13 -> 7485.6538 | M13: =C13*D13 -> 1.4762251e+08 | N13: =M13*B13 -> 1.4762251e+08 | P13: 4 | Q13: =P13*'Muraba Veil Sale Summary'!$B13 -> 4 | S13: =Q13-R13 -> 4 | U13: ='Muraba Veil Sale Summary'!$M13/'Muraba Veil Sale Summary'!$D13 -> 10011.227 | Y13: 25269.78 | AA13: =Y13/$AA$5 -> 2380.3745
A14: 5 Bedroom Duplex | B14: =COUNTIF(Table2[Type],'Muraba Veil Sale Summary'!A14) -> 1 | C14: =AVERAGEIF(Table2[[#All],[Type]],'Muraba Veil Sale Summary'!A14,Table2[[#All],[Price]])/AVERAGEIF(Table2[[#All],[Type]],'Muraba Veil Sale Summary'!A14,Table2[[#All],[Total Area (Sq.ft)]]) -> 16194.636 | D14: =F14+G14 -> 26666.73 | E14: =D14/10.7639104 -> 2477.4203 | F14: 11648.17 | G14: 15018.56 | H14: =F14*B14 -> 11648.17 | I14: =G14*B14 -> 15018.56 | J14: =H14+I14 -> 26666.73 | K14: =I14*$K$4 -> 0 | L14: =K14+H14 -> 11648.17 | M14: =C14*D14 -> 4.3185799e+08 | N14: =M14*B14 -> 4.3185799e+08 | P14: 6 | Q14: =P14*'Muraba Veil Sale Summary'!$B14 -> 6
A15: Total | B15: =SUM(B6:B14) -> 174 | H15: =SUM(H6:H14) -> 464549.93 | I15: =SUM(I6:I14) -> 360170.34 | J15: =SUM(J6:J14) -> 824720.27 | K15: =SUM(K6:K14) -> 0 | L15: =SUM(L6:L14) -> 464549.93 | N15: =SUM(N6:N14) -> 5.116775e+09 | P15: =SUM(P6:P14) -> 26 | Q15: =SUM(Q6:Q14) -> 264
J16: 818187
J17: =J16-J15 -> -6533.2693
G18: Sale Value | H18: Commision Percentage
G19: 0-100M | H19: 0.05
A20: Muraba Veil Furniture Pack | G20: 101M to 200M | H20: 0.0525 | J20: =D6*3 -> 11514.263 | K20: 15333 | L20: =3838*2 -> 7676 | M20: 4939
A21: Type | B21: Amount in AED | G21: 201M to 300M | H21: 0.055 | J21: =D8*4 -> 19757.803
A22: 2 Bedroom | B22: 475000 | G22: 301M to 400M | H22: 0.0575 | J22: =SUM(J20:J21) -> 31272.066
A23: 3 Bedroom | B23: 550000 | G23: 400M+ | H23: 0.06
A24: 3 Bedroom Pool | B24: 600000
A25: 3 Bedroom XL | B25: 800000
A26: 3 Bedroom Duplex | B26: 800000
A27: 4 Bedroom | B27: 850000
A28: 4 Bedroom Duplex | B28: 850000
A29: 5 Bedroom PH | B29: 1250000

Sheet Muraba Unit Wise Details 
A1: Master Unit Details
A3: Type | B3: Unit Status | C3: Unit | D3: Floor | E3: Parking count | F3: Internal Area (Sq.ft) | G3: External Area (Sq.ft) | H3: Total Area (Sq.ft) | I3: Terrace Area | J3: Sellable Area (Sq. ft) | K3: Price/Sq.ft | L3: Price | M3: Column1 | N3: Column2 | O3: Column3 | P3: Column4 | Q3: Column5 | R3: Column6
A4: =IF(Table2[[#This Row],[Unit ]]="","","2 Bedroom") -> 2 Bedroom | B4: Sold | C4: 302 | D4: 3rd | E4: =IF(Table2[[#This Row],[Unit ]]="","",_xlfn.XLOOKUP(Table2[[#This Row],[Type]],'Muraba Veil Sale Summary'!A:A,'Muraba Veil Sale Summary'!P:P)) -> 2 | F4: =IF(Table2[[#This Row],[Unit ]]="","",_xlfn.XLOOKUP(Table2[[#This Row],[Type]],'Muraba Veil Sale Summary'!$A:$A,'Muraba Veil Sale Summary'!F:F)) -> 2218.7649 | G4: =IF(Table2[[#This Row],[Unit ]]="","",_xlfn.XLOOKUP(Table2[[#This Row],[Type]],'Muraba Veil Sale Summary'!$A:$A,'Muraba Veil Sale Summary'!G:G)) -> 1619.3227 | H4: =IFERROR(F4+G4,0) -> 3838.0875 | I4: ='Launches Residences'!$U$7 -> 0.3 | J4: =IF(Table2[[#This Row],[Unit ]]="","",F4+(G4*Table2[[#This Row],[Terrace Area]])) -> 2704.5617 | K4: =_xlfn.XLOOKUP(Table2[[#This Row],[Unit ]],'Launches Residences'!$E$15:$E$71,'Launches Residences'!$I$15:$I$71) -> 4350 | L4: 11764843 | M4: =Table2[[#This Row],[Price/Sq.ft]] -> 4350 | N4: =VLOOKUP(Table2[[#This Row],[Unit ]],'[1]Muraba Unit Wise Details '!$C$4:$L$67,10,FALSE) -> 11764843 | O4: =Table2[[#This Row],[Column2]]-Table2[[#This Row],[Price]] -> 0 | P4: =Table2[[#This Row],[Price]]/Table2[[#This Row],[Total Area (Sq.ft)]] -> 3065.2879 | Q4: =Table2[[#This Row],[Price]]/Table2[[#This Row],[Sellable Area (Sq. ft)]] -> 4350
A5: =IF(Table2[[#This Row],[Unit ]]="","","2 Bedroom") -> 2 Bedroom | B5: Sold | C5: 303 | D5: 3rd | E5: =IF(Table2[[#This Row],[Unit ]]="","",_xlfn.XLOOKUP(Table2[[#This Row],[Type]],'Muraba Veil Sale Summary'!A:A,'Muraba Veil Sale Summary'!P:P)) -> 2 | F5: =IF(Table2[[#This Row],[Unit ]]="","",_xlfn.XLOOKUP(Table2[[#This Row],[Type]],'Muraba Veil Sale Summary'!$A:$A,'Muraba Veil Sale Summary'!F:F)) -> 2218.7649 | G5: =IF(Table2[[#This Row],[Unit ]]="","",_xlfn.XLOOKUP(Table2[[#This Row],[Type]],'Muraba Veil Sale Summary'!$A:$A,'Muraba Veil Sale Summary'!G:G)) -> 1619.3227 | H5: =IFERROR(F5+G5,0) -> 3838.0875 | I5: ='Launches Residences'!$U$7 -> 0.3 | J5: =IF(Table2[[#This Row],[Unit ]]="","",F5+(G5*Table2[[#This Row],[Terrace Area]])) -> 2704.5617 | K5: =_xlfn.XLOOKUP(Table2[[#This Row],[Unit ]],'Launches Residences'!$F$15:$F$71,'Launches Residences'!$J$15:$J$71) -> 4350 | L5: 11764843 | M5: =Table2[[#This Row],[Price/Sq.ft]] -> 4350 | N5: =VLOOKUP(Table2[[#This Row],[Unit ]],'[1]Muraba Unit Wise Details '!$C$4:$L$67,10,FALSE) -> 11764843 | O5: =Table2[[#This Row],[Column2]]-Table2[[#This Row],[Price]] -> 0 | P5: =Table2[[#This Row],[Price]]/Table2[[#This Row],[Total Area (Sq.ft)]] -> 3065.2879 | Q5: =Table2[[#This Row],[Price]]/Table2[[#This Row],[Sellable Area (Sq. ft)]] -> 4350
A6: =IF(Table2[[#This Row],[Unit ]]="","","2 Bedroom") -> 2 Bedroom | B6: Sold | C6: 402 | D6: 4th | E6: =IF(Table2[[#This Row],[Unit ]]="","",_xlfn.XLOOKUP(Table2[[#This Row],[Type]],'Muraba Veil Sale Summary'!A:A,'Muraba Veil Sale Summary'!P:P)) -> 2 | F6: =IF(Table2[[#This Row],[Unit ]]="","",_xlfn.XLOOKUP(Table2[[#This Row],[Type]],'Muraba Veil Sale Summary'!$A:$A,'Muraba Veil Sale Summary'!F:F)) -> 2218.7649 | G6: =IF(Table2[[#This Row],[Unit ]]="","",_xlfn.XLOOKUP(Table2[[#This Row],[Type]],'Muraba Veil Sale Summary'!$A:$A,'Muraba Veil Sale Summary'!G:G)) -> 1619.3227 | H6: =IFERROR(F6+G6,0) -> 3838.0875 | I6: ='Launches Residences'!$U$7 -> 0.3 | J6: =IF(Table2[[#This Row],[Unit ]]="","",F6+(G6*Table2[[#This Row],[Terrace Area]])) -> 2704.5617 | K6: =_xlfn.XLOOKUP(Table2[[#This Row],[Unit ]],'Launches Residences'!$E$15:$E$71,'Launches Residences'!$I$15:$I$71) -> 4227.4999 | L6: 11433534 | M6: =Table2[[#This Row],[Price/Sq.ft]] -> 4227.4999 | N6: =VLOOKUP(Table2[[#This Row],[Unit ]],'[1]Muraba Unit Wise Details '!$C$4:$L$67,10,FALSE) -> 11433534 | O6: =Table2[[#This Row],[Column2]]-Table2[[#This Row],[Price]] -> 0 | P6: =Table2[[#This Row],[Price]]/Table2[[#This Row],[Total Area (Sq.ft)]] -> 2978.9665 | Q6: =Table2[[#This Row],[Price]]/Table2[[#This Row],[Sellable Area (Sq. ft)]] -> 4227.4999
A7: =IF(Table2[[#This Row],[Unit ]]="","","2 Bedroom") -> 2 Bedroom | B7: Sold | C7: 403 | D7: 4th | E7: =IF(Table2[[#This Row],[Unit ]]="","",_xlfn.XLOOKUP(Table2[[#This Row],[Type]],'Muraba Veil Sale Summary'!A:A,'Muraba Veil Sale Summary'!P:P)) -> 2 | F7: =IF(Table2[[#This Row],[Unit ]]="","",_xlfn.XLOOKUP(Table2[[#This Row],[Type]],'Muraba Veil Sale Summary'!$A:$A,'Muraba Veil Sale Summary'!F:F)) -> 2218.7649 | G7: =IF(Table2[[#This Row],[Unit ]]="","",_xlfn.XLOOKUP(Table2[[#This Row],[Type]],'Muraba Veil Sale Summary'!$A:$A,'Muraba Veil Sale Summary'!G:G)) -> 1619.3227 | H7: =IFERROR(F7+G7,0) -> 3838.0875 | I7: ='Launches Residences'!$U$7 -> 0.3 | J7: =IF(Table2[[#This Row],[Unit ]]="","",F7+(G7*Table2[[#This Row],[Terrace Area]])) -> 2704.5617 | K7: =_xlfn.XLOOKUP(Table2[[#This Row],[Unit ]],'Launches Residences'!$F$15:$F$71,'Launches Residences'!$J$15:$J$71) -> 4449.9999 | L7: 12035299 | M7: =Table2[[#This Row],[Price/Sq.ft]] -> 4449.9999 | N7: =VLOOKUP(Table2[[#This Row],[Unit ]],'[1]Muraba Unit Wise Details '!$C$4:$L$67,10,FALSE) -> 12035299 | O7: =Table2[[#This Row],[Column2]]-Table2[[#This Row],[Price]] -> 0 | P7: =Table2[[#This Row],[Price]]/Table2[[#This Row],[Total Area (Sq.ft)]] -> 3135.7542 | Q7: =Table2[[#This Row],[Price]]/Table2[[#This Row],[Sellable Area (Sq. ft)]] -> 4449.9999
A8: =IF(Table2[[#This Row],[Unit ]]="","","2 Bedroom") -> 2 Bedroom | B8: Sold | C8: 502 | D8: 5th | E8: =IF(Table2[[#This Row],[Unit ]]="","",_xlfn.XLOOKUP(Table2[[#This Row],[Type]],'Muraba Veil Sale Summary'!A:A,'Muraba Veil Sale Summary'!P:P)) -> 2 | F8: =IF(Table2[[#This Row],[Unit ]]="","",_xlfn.XLOOKUP(Table2[[#This Row],[Type]],'Muraba Veil Sale Summary'!$A:$A,'Muraba Veil Sale Summary'!F:F)) -> 2218.7649 | G8: =IF(Table2[[#This Row],[Unit ]]="","",_xlfn.XLOOKUP(Table2[[#This Row],[Type]],'Muraba Veil Sale Summary'!$A:$A,'Muraba Veil Sale Summary'!G:G)) -> 1619.3227 | H8: =IFERROR(F8+G8,0) -> 3838.0875 | I8: ='Launches Residences'!$U$7 -> 0.3 | J8: =IF(Table2[[#This Row],[Unit ]]="","",F8+(G8*Table2[[#This Row],[Terrace Area]])) -> 2704.5617 | K8: =_xlfn.XLOOKUP(Table2[[#This Row],[Unit ]],'Launches Residences'!$E$15:$E$71,'Launches Residences'!$I$15:$I$71) -> 4550.0002 | L8: 12305756 | M8: =Table2[[#This Row],[Price/Sq.ft]] -> 4550.0002 | N8: =VLOOKUP(Table2[[#This Row],[Unit ]],'[1]Muraba Unit Wise Details '!$C$4:$L$67,10,FALSE) -> 12305756 | O8: =Table2[[#This Row],[Column2]]-Table2[[#This Row],[Price]] -> 0 | P8: =Table2[[#This Row],[Price]]/Table2[[#This Row],[Total Area (Sq.ft)]] -> 3206.2208 | Q8: =Table2[[#This Row],[Price]]/Table2[[#This Row],[Sellable Area (Sq. ft)]] -> 4550.0002
A9: =IF(Table2[[#This Row],[Unit ]]="","","2 Bedroom") -> 2 Bedroom | B9: Available | C9: 503 | D9: 5th | E9: =IF(Table2[[#This Row],[Unit ]]="","",_xlfn.XLOOKUP(Table2[[#This Row],[Type]],'Muraba Veil Sale Summary'!A:A,'Muraba Veil Sale Summary'!P:P)) -> 2 | F9: =IF(Table2[[#This Row],[Unit ]]="","",_xlfn.XLOOKUP(Table2[[#This Row],[Type]],'Muraba Veil Sale Summary'!$A:$A,'Muraba Veil Sale Summary'!F:F)) -> 2218.7649 | G9: =IF(Table2[[#This Row],[Unit ]]="","",_xlfn.XLOOKUP(Table2[[#This Row],[Type]],'Muraba Veil Sale Summary'!$A:$A,'Muraba Veil Sale Summary'!G:G)) -> 1619.3227 | H9: =IFERROR(F9+G9,0) -> 3838.0875 | I9: ='Launches Residences'!$U$7 -> 0.3 | J9: =IF(Table2[[#This Row],[Unit ]]="","",F9+(G9*Table2[[#This Row],[Terrace Area]])) -> 2704.5617 | K9: =_xlfn.XLOOKUP(Table2[[#This Row],[Unit ]],'Launches Residences'!$F$15:$F$71,'Launches Residences'!$J$15:$J$71) -> 4550.0002 | L9: =IFERROR(J9*K9,0) -> 12305756 | M9: =Table2[[#This Row],[Price/Sq.ft]] -> 4550.0002 | N9: =VLOOKUP(Table2[[#This Row],[Unit ]],'[1]Muraba Unit Wise Details '!$C$4:$L$67,10,FALSE) -> 13522808 | O9: =Table2[[#This Row],[Column2]]-Table2[[#This Row],[Price]] -> 1217052.3 | P9: =Table2[[#This Row],[Price]]/Table2[[#This Row],[Total Area (Sq.ft)]] -> 3206.2208 | Q9: =Table2[[#This Row],[Price]]/Table2[[#This Row],[Sellable Area (Sq. ft)]] -> 4550.0002
A10: =IF(Table2[[#This Row],[Unit ]]="","","2 Bedroom") -> 2 Bedroom | B10: Available | C10: 602 | D10: 6th | E10: =IF(Table2[[#This Row],[Unit ]]="","",_xlfn.XLOOKUP(Table2[[#This Row],[Type]],'Muraba Veil Sale Summary'!A:A,'Muraba Veil Sale Summary'!P:P)) -> 2 | F10: =IF(Table2[[#This Row],[Unit ]]="","",_xlfn.XLOOKUP(Table2[[#This Row],[Type]],'Muraba Veil Sale Summary'!$A:$A,'Muraba Veil Sale Summary'!F:F)) -> 2218.7649 | G10: =IF(Table2[[#This Row],[Unit ]]="","",_xlfn.XLOOKUP(Table2[[#This Row],[Type]],'Muraba Veil Sale Summary'!$A:$A,'Muraba Veil Sale Summary'!G:G)) -> 1619.3227 | H10: =IFERROR(F10+G10,0) -> 3838.0875 | I10: ='Launches Residences'!$U$7 -> 0.3 | J10: =IF(Table2[[#This Row],[Unit ]]="","",F10+(G10*Table2[[#This Row],[Terrace Area]])) -> 2704.5617 | K10: =_xlfn.XLOOKUP(Table2[[#This Row],[Unit ]],'Launches Residences'!$E$15:$E$71,'Launches Residences'!$I$15:$I$71) -> 5150 | L10: =IFERROR(J10*K10,0) -> 13928493 | M10: =Table2[[#This Row],[Price/Sq.ft]] -> 5150 | N10: =VLOOKUP(Table2[[#This Row],[Unit ]],'[1]Muraba Unit Wise Details '!$C$4:$L$67,10,FALSE) -> 13928493 | O10: =Table2[[#This Row],[Column2]]-Table2[[#This Row],[Price]] -> 0 | P10: =Table2[[#This Row],[Price]]/Table2[[#This Row],[Total Area (Sq.ft)]] -> 3629.019 | Q10: =Table2[[#This Row],[Price]]/Table2[[#This Row],[Sellable Area (Sq. ft)]] -> 5150
A11: =IF(Table2[[#This Row],[Unit ]]="","","2 Bedroom") -> 2 Bedroom | B11: Sold | C11: 603 | D11: 6th | E11: =IF(Table2[[#This Row],[Unit ]]="","",_xlfn.XLOOKUP(Table2[[#This Row],[Type]],'Muraba Veil Sale Summary'!A:A,'Muraba Veil Sale Summary'!P:P)) -> 2 | F11: =IF(Table2[[#This Row],[Unit ]]="","",_xlfn.XLOOKUP(Table2[[#This Row],[Type]],'Muraba Veil Sale Summary'!$A:$A,'Muraba Veil Sale Summary'!F:F)) -> 2218.7649 | G11: =IF(Table2[[#This Row],[Unit ]]="","",_xlfn.XLOOKUP(Table2[[#This Row],[Type]],'Muraba Veil Sale Summary'!$A:$A,'Muraba Veil Sale Summary'!G:G)) -> 1619.3227 | H11: =IFERROR(F11+G11,0) -> 3838.0875 | I11: ='Launches Residences'!$U$7 -> 0.3 | J11: =IF(Table2[[#This Row],[Unit ]]="","",F11+(G11*Table2[[#This Row],[Terrace Area]])) -> 2704.5617 | K11: =_xlfn.XLOOKUP(Table2[[#This Row],[Unit ]],'Launches Residences'!$F$15:$F$71,'Launches Residences'!$J$15:$J$71) -> 5050 | L11: 13658036 | M11: =Table2[[#This Row],[Price/Sq.ft]] -> 5050 | N11: =VLOOKUP(Table2[[#This Row],[Unit ]],'[1]Muraba Unit Wise Details '!$C$4:$L$67,10,FALSE) -> 13658036 | O11: =Table2[[#This Row],[Column2]]-Table2[[#This Row],[Price]] -> 0 | P11: =Table2[[#This Row],[Price]]/Table2[[#This Row],[Total Area (Sq.ft)]] -> 3558.5526 | Q11: =Table2[[#This Row],[Price]]/Table2[[#This Row],[Sellable Area (Sq. ft)]] -> 5050
A12: =IF(Table2[[#This Row],[Unit ]]="","","2 Bedroom") -> 2 Bedroom | B12: Sold | C12: 702 | D12: 7th | E12: =IF(Table2[[#This Row],[Unit ]]="","",_xlfn.XLOOKUP(Table2[[#This Row],[Type]],'Muraba Veil Sale Summary'!A:A,'Muraba Veil Sale Summary'!P:P)) -> 2 | F12: =IF(Table2[[#This Row],[Unit ]]="","",_xlfn.XLOOKUP(Table2[[#This Row],[Type]],'Muraba Veil Sale Summary'!$A:$A,'Muraba Veil Sale Summary'!F:F)) -> 2218.7649 | G12: =IF(Table2[[#This Row],[Unit ]]="","",_xlfn.XLOOKUP(Table2[[#This Row],[Type]],'Muraba Veil Sale Summary'!$A:$A,'Muraba Veil Sale Summary'!G:G)) -> 1619.3227 | H12: =IFERROR(F12+G12,0) -> 3838.0875 | I12: ='Launches Residences'!$U$7 -> 0.3 | J12: =IF(Table2[[#This Row],[Unit ]]="","",F12+(G12*Table2[[#This Row],[Terrace Area]])) -> 2704.5617 | K12: =_xlfn.XLOOKUP(Table2[[#This Row],[Unit ]],'Launches Residences'!$E$15:$E$71,'Launches Residences'!$I$15:$I$71) -> 4750 | L12: 12846668 | M12: =Table2[[#This Row],[Price/Sq.ft]] -> 4750 | N12: =VLOOKUP(Table2[[#This Row],[Unit ]],'[1]Muraba Unit Wise Details '!$C$4:$L$67,10,FALSE) -> 12846668 | O12: =Table2[[#This Row],[Column2]]-Table2[[#This Row],[Price]] -> 0 | P12: =Table2[[#This Row],[Price]]/Table2[[#This Row],[Total Area (Sq.ft)]] -> 3347.1534 | Q12: =Table2[[#This Row],[Price]]/Table2[[#This Row],[Sellable Area (Sq. ft)]] -> 4750
A13: =IF(Table2[[#This Row],[Unit ]]="","","2 Bedroom") -> 2 Bedroom | B13: Available | C13: 703 | D13: 7th | E13: =IF(Table2[[#This Row],[Unit ]]="","",_xlfn.XLOOKUP(Table2[[#This Row],[Type]],'Muraba Veil Sale Summary'!A:A,'Muraba Veil Sale Summary'!P:P)) -> 2 | F13: =IF(Table2[[#This Row],[Unit ]]="","",_xlfn.XLOOKUP(Table2[[#This Row],[Type]],'Muraba Veil Sale Summary'!$A:$A,'Muraba Veil Sale Summary'!F:F)) -> 2218.7649 | G13: =IF(Table2[[#This Row],[Unit ]]="","",_xlfn.XLOOKUP(Table2[[#This Row],[Type]],'Muraba Veil Sale Summary'!$A:$A,'Muraba Veil Sale Summary'!G:G)) -> 1619.3227 | H13: =IFERROR(F13+G13,0) -> 3838.0875 | I13: ='Launches Residences'!$U$7 -> 0.3 | J13: =IF(Table2[[#This Row],[Unit ]]="","",F13+(G13*Table2[[#This Row],[Terrace Area]])) -> 2704.5617 | K13: =_xlfn.XLOOKUP(Table2[[#This Row],[Unit ]],'Launches Residences'!$F$15:$F$71,'Launches Residences'!$J$15:$J$71) -> 4750 | L13: =IFERROR(J13*K13,0) -> 12846668 | M13: =Table2[[#This Row],[Price/Sq.ft]] -> 4750 | N13: =VLOOKUP(Table2[[#This Row],[Unit ]],'[1]Muraba Unit Wise Details '!$C$4:$L$67,10,FALSE) -> 14334177 | O13: =Table2[[#This Row],[Column2]]-Table2[[#This Row],[Price]] -> 1487508.9 | P13: =Table2[[#This Row],[Price]]/Table2[[#This Row],[Total Area (Sq.ft)]] -> 3347.1534 | Q13: =Table2[[#This Row],[Price]]/Table2[[#This Row],[Sellable Area (Sq. ft)]] -> 4750
A14: =IF(Table2[[#This Row],[Unit ]]="","","2 Bedroom") -> 2 Bedroom | B14: Sold | C14: 802 | D14: 8th | E14: =IF(Table2[[#This Row],[Unit ]]="","",_xlfn.XLOOKUP(Table2[[#This Row],[Type]],'Muraba Veil Sale Summary'!A:A,'Muraba Veil Sale Summary'!P:P)) -> 2 | F14: =IF(Table2[[#This Row],[Unit ]]="","",_xlfn.XLOOKUP(Table2[[#This Row],[Type]],'Muraba Veil Sale Summary'!$A:$A,'Muraba Veil Sale Summary'!F:F)) -> 2218.7649 | G14: =IF(Table2[[#This Row],[Unit ]]="","",_xlfn.XLOOKUP(Table2[[#This Row],[Type]],'Muraba Veil Sale Summary'!$A:$A,'Muraba Veil Sale Summary'!G:G)) -> 1619.3227 | H14: =IFERROR(F14+G14,0) -> 3838.0875 | I14: ='Launches Residences'!$U$7 -> 0.3 | J14: =IF(Table2[[#This Row],[Unit ]]="","",F14+(G14*Table2[[#This Row],[Terrace Area]])) -> 2704.5617 | K14: =_xlfn.XLOOKUP(Table2[[#This Row],[Unit ]],'Launches Residences'!$E$15:$E$71,'Launches Residences'!$I$15:$I$71) -> 4801.5718 | L14: 12986147 | M14: =Table2[[#This Row],[Price/Sq.ft]] -> 4801.5718 | N14: =VLOOKUP(Table2[[#This Row],[Unit ]],'[1]Muraba Unit Wise Details '!$C$4:$L$67,10,FALSE) -> 12986147 | O14: =Table2[[#This Row],[Column2]]-Table2[[#This Row],[Price]] -> 0 | P14: =Table2[[#This Row],[Price]]/Table2[[#This Row],[Total Area (Sq.ft)]] -> 3383.4943 | Q14: =Table2[[#This Row],[Price]]/Table2[[#This Row],[Sellable Area (Sq. ft)]] -> 4801.5718
A15: =IF(Table2[[#This Row],[Unit ]]="","","2 Bedroom") -> 2 Bedroom | B15: Sold | C15: 803 | D15: 8th | E15: =IF(Table2[[#This Row],[Unit ]]="","",_xlfn.XLOOKUP(Table2[[#This Row],[Type]],'Muraba Veil Sale Summary'!A:A,'Muraba Veil Sale Summary'!P:P)) -> 2 | F15: =IF(Table2[[#This Row],[Unit ]]="","",_xlfn.XLOOKUP(Table2[[#This Row],[Type]],'Muraba Veil Sale Summary'!$A:$A,'Muraba Veil Sale Summary'!F:F)) -> 2218.7649 | G15: =IF(Table2[[#This Row],[Unit ]]="","",_xlfn.XLOOKUP(Table2[[#This Row],[Type]],'Muraba Veil Sale Summary'!$A:$A,'Muraba Veil Sale Summary'!G:G)) -> 1619.3227 | H15: =IFERROR(F15+G15,0) -> 3838.0875 | I15: ='Launches Residences'!$U$7 -> 0.3 | J15: =IF(Table2[[#This Row],[Unit ]]="","",F15+(G15*Table2[[#This Row],[Terrace Area]])) -> 2704.5617 | K15: =_xlfn.XLOOKUP(Table2[[#This Row],[Unit ]],'Launches Residences'!$F$15:$F$71,'Launches Residences'!$J$15:$J$71) -> 4801.5718 | L15: 12986147 | M15: =Table2[[#This Row],[Price/Sq.ft]] -> 4801.5718 | N15: =VLOOKUP(Table2[[#This Row],[Unit ]],'[1]Muraba Unit Wise Details '!$C$4:$L$67,10,FALSE) -> 12986147 | O15: =Table2[[#This Row],[Column2]]-Table2[[#This Row],[Price]] -> 0 | P15: =Table2[[#This Row],[Price]]/Table2[[#This Row],[Total Area (Sq.ft)]] -> 3383.4943 | Q15: =Table2[[#This Row],[Price]]/Table2[[#This Row],[Sellable Area (Sq. ft)]] -> 4801.5718
A16: =IF(Table2[[#This Row],[Unit ]]="","","2 Bedroom") -> 2 Bedroom | B16: Available | C16: 902 | D16: 9th | E16: =IF(Table2[[#This Row],[Unit ]]="","",_xlfn.XLOOKUP(Table2[[#This Row],[Type]],'Muraba Veil Sale Summary'!A:A,'Muraba Veil Sale Summary'!P:P)) -> 2 | F16: =IF(Table2[[#This Row],[Unit ]]="","",_xlfn.XLOOKUP(Table2[[#This Row],[Type]],'Muraba Veil Sale Summary'!$A:$A,'Muraba Veil Sale Summary'!F:F)) -> 2218.7649 | G16: =IF(Table2[[#This Row],[Unit ]]="","",_xlfn.XLOOKUP(Table2[[#This Row],[Type]],'Muraba Veil Sale Summary'!$A:$A,'Muraba Veil Sale Summary'!G:G)) -> 1619.3227 | H16: =IFERROR(F16+G16,0) -> 3838.0875 | I16: ='Launches Residences'!$U$7 -> 0.3 | J16: =IF(Table2[[#This Row],[Unit ]]="","",F16+(G16*Table2[[#This Row],[Terrace Area]])) -> 2704.5617 | K16: =_xlfn.XLOOKUP(Table2[[#This Row],[Unit ]],'Launches Residences'!$E$15:$E$71,'Launches Residences'!$I$15:$I$71) -> 5600 | L16: =IFERROR(J16*K16,0) -> 15145545 | M16: =Table2[[#This Row],[Price/Sq.ft]] -> 5600 | N16: =VLOOKUP(Table2[[#This Row],[Unit ]],'[1]Muraba Unit Wise Details '!$C$4:$L$67,10,FALSE) -> 15145545 | O16: =Table2[[#This Row],[Column2]]-Table2[[#This Row],[Price]] -> 0 | P16: =Table2[[#This Row],[Price]]/Table2[[#This Row],[Total Area (Sq.ft)]] -> 3946.1177 | Q16: =Table2[[#This Row],[Price]]/Table2[[#This Row],[Sellable Area (Sq. ft)]] -> 5600
A17: =IF(Table2[[#This Row],[Unit ]]="","","2 Bedroom") -> 2 Bedroom | B17: Available | C17: 903 | D17: 9th | E17: =IF(Table2[[#This Row],[Unit ]]="","",_xlfn.XLOOKUP(Table2[[#This Row],[Type]],'Muraba Veil Sale Summary'!A:A,'Muraba Veil Sale Summary'!P:P)) -> 2 | F17: =IF(Table2[[#This Row],[Unit ]]="","",_xlfn.XLOOKUP(Table2[[#This Row],[Type]],'Muraba Veil Sale Summary'!$A:$A,'Muraba Veil Sale Summary'!F:F)) -> 2218.7649 | G17: =IF(Table2[[#This Row],[Unit ]]="","",_xlfn.XLOOKUP(Table2[[#This Row],[Type]],'Muraba Veil Sale Summary'!$A:$A,'Muraba Veil Sale Summary'!G:G)) -> 1619.3227 | H17: =IFERROR(F17+G17,0) -> 3838.0875 | I17: ='Launches Residences'!$U$7 -> 0.3 | J17: =IF(Table2[[#This Row],[Unit ]]="","",F17+(G17*Table2[[#This Row],[Terrace Area]])) -> 2704.5617 | K17: =_xlfn.XLOOKUP(Table2[[#This Row],[Unit ]],'Launches Residences'!$F$15:$F$71,'Launches Residences'!$J$15:$J$71) -> 5600 | L17: =IFERROR(J17*K17,0) -> 15145545 | M17: =Table2[[#This Row],[Price/Sq.ft]] -> 5600 | N17: =VLOOKUP(Table2[[#This Row],[Unit ]],'[1]Muraba Unit Wise Details '!$C$4:$L$67,10,FALSE) -> 15145545 | O17: =Table2[[#This Row],[Column2]]-Table2[[#This Row],[Price]] -> 0 | P17: =Table2[[#This Row],[Price]]/Table2[[#This Row],[Total Area (Sq.ft)]] -> 3946.1177 | Q17: =Table2[[#This Row],[Price]]/Table2[[#This Row],[Sellable Area (Sq. ft)]] -> 5600
A18: =IF(Table2[[#This Row],[Unit ]]="","","2 Bedroom") -> 2 Bedroom | B18: Sold | C18: 1102 | D18: 11th | E18: =IF(Table2[[#This Row],[Unit ]]="","",_xlfn.XLOOKUP(Table2[[#This Row],[Type]],'Muraba Veil Sale Summary'!A:A,'Muraba Veil Sale Summary'!P:P)) -> 2 | F18: =IF(Table2[[#This Row],[Unit ]]="","",_xlfn.XLOOKUP(Table2[[#This Row],[Type]],'Muraba Veil Sale Summary'!$A:$A,'Muraba Veil Sale Summary'!F:F)) -> 2218.7649 | G18: =IF(Table2[[#This Row],[Unit ]]="","",_xlfn.XLOOKUP(Table2[[#This Row],[Type]],'Muraba Veil Sale Summary'!$A:$A,'Muraba Veil Sale Summary'!G:G)) -> 1619.3227 | H18: =IFERROR(F18+G18,0) -> 3838.0875 | I18: ='Launches Residences'!$U$7 -> 0.3 | J18: =IF(Table2[[#This Row],[Unit ]]="","",F18+(G18*Table2[[#This Row],[Terrace Area]])) -> 2704.5617 | K18: =_xlfn.XLOOKUP(Table2[[#This Row],[Unit ]],'Launches Residences'!$E$15:$E$71,'Launches Residences'!$I$15:$I$71) -> 5050 | L18: 13658036 | M18: =Table2[[#This Row],[Price/Sq.ft]] -> 5050 | N18: =VLOOKUP(Table2[[#This Row],[Unit ]],'[1]Muraba Unit Wise Details '!$C$4:$L$67,10,FALSE) -> 13658036 | O18: =Table2[[#This Row],[Column2]]-Table2[[#This Row],[Price]] -> 0 | P18: =Table2[[#This Row],[Price]]/Table2[[#This Row],[Total Area (Sq.ft)]] -> 3558.5526 | Q18: =Table2[[#This Row],[Price]]/Table2[[#This Row],[Sellable Area (Sq. ft)]] -> 5050
A19: =IF(Table2[[#This Row],[Unit ]]="","","2 Bedroom") -> 2 Bedroom | B19: Bank Locked | C19: 1103 | D19: 11th | E19: =IF(Table2[[#This Row],[Unit ]]="","",_xlfn.XLOOKUP(Table2[[#This Row],[Type]],'Muraba Veil Sale Summary'!A:A,'Muraba Veil Sale Summary'!P:P)) -> 2 | F19: =IF(Table2[[#This Row],[Unit ]]="","",_xlfn.XLOOKUP(Table2[[#This Row],[Type]],'Muraba Veil Sale Summary'!$A:$A,'Muraba Veil Sale Summary'!F:F)) -> 2218.7649 | G19: =IF(Table2[[#This Row],[Unit ]]="","",_xlfn.XLOOKUP(Table2[[#This Row],[Type]],'Muraba Veil Sale Summary'!$A:$A,'Muraba Veil Sale Summary'!G:G)) -> 1619.3227 | H19: =IFERROR(F19+G19,0) -> 3838.0875 | I19: ='Launches Residences'!$U$7 -> 0.3 | J19: =IF(Table2[[#This Row],[Unit ]]="","",F19+(G19*Table2[[#This Row],[Terrace Area]])) -> 2704.5617 | K19: =_xlfn.XLOOKUP(Table2[[#This Row],[Unit ]],'Launches Residences'!$F$15:$F$71,'Launches Residences'!$J$15:$J$71) -> 5050 | L19: =IFERROR(J19*K19,0) -> 13658036 | M19: =Table2[[#This Row],[Price/Sq.ft]] -> 5050 | N19: =VLOOKUP(Table2[[#This Row],[Unit ]],'[1]Muraba Unit Wise Details '!$C$4:$L$67,10,FALSE) -> 15551230 | O19: =Table2[[#This Row],[Column2]]-Table2[[#This Row],[Price]] -> 1893193.2 | P19: =Table2[[#This Row],[Price]]/Table2[[#This Row],[Total Area (Sq.ft)]] -> 3558.5526 | Q19: =Table2[[#This Row],[Price]]/Table2[[#This Row],[Sellable Area (Sq. ft)]] -> 5050
A20: =IF(Table2[[#This Row],[Unit ]]="","","2 Bedroom") -> 2 Bedroom | B20: Available | C20: 1202 | D20: 12th | E20: =IF(Table2[[#This Row],[Unit ]]="","",_xlfn.XLOOKUP(Table2[[#This Row],[Type]],'Muraba Veil Sale Summary'!A:A,'Muraba Veil Sale Summary'!P:P)) -> 2 | F20: =IF(Table2[[#This Row],[Unit ]]="","",_xlfn.XLOOKUP(Table2[[#This Row],[Type]],'Muraba Veil Sale Summary'!$A:$A,'Muraba Veil Sale Summary'!F:F)) -> 2218.7649 | G20: =IF(Table2[[#This Row],[Unit ]]="","",_xlfn.XLOOKUP(Table2[[#This Row],[Type]],'Muraba Veil Sale Summary'!$A:$A,'Muraba Veil Sale Summary'!G:G)) -> 1619.3227 | H20: =IFERROR(F20+G20,0) -> 3838.0875 | I20: ='Launches Residences'!$U$7 -> 0.3 | J20: =IF(Table2[[#This Row],[Unit ]]="","",F20+(G20*Table2[[#This Row],[Terrace Area]])) -> 2704.5617 | K20: =_xlfn.XLOOKUP(Table2[[#This Row],[Unit ]],'Launches Residences'!$E$15:$E$71,'Launches Residences'!$I$15:$I$71) -> 5900 | L20: =IFERROR(J20*K20,0) -> 15956914 | M20: =Table2[[#This Row],[Price/Sq.ft]] -> 5900 | N20: =VLOOKUP(Table2[[#This Row],[Unit ]],'[1]Muraba Unit Wise Details '!$C$4:$L$67,10,FALSE) -> 15956914 | O20: =Table2[[#This Row],[Column2]]-Table2[[#This Row],[Price]] -> 0 | P20: =Table2[[#This Row],[Price]]/Table2[[#This Row],[Total Area (Sq.ft)]] -> 4157.5169 | Q20: =Table2[[#This Row],[Price]]/Table2[[#This Row],[Sellable Area (Sq. ft)]] -> 5900
A21: =IF(Table2[[#This Row],[Unit ]]="","","2 Bedroom") -> 2 Bedroom | B21: Available | C21: 1203 | D21: 12th | E21: =IF(Table2[[#This Row],[Unit ]]="","",_xlfn.XLOOKUP(Table2[[#This Row],[Type]],'Muraba Veil Sale Summary'!A:A,'Muraba Veil Sale Summary'!P:P)) -> 2 | F21: =IF(Table2[[#This Row],[Unit ]]="","",_xlfn.XLOOKUP(Table2[[#This Row],[Type]],'Muraba Veil Sale Summary'!$A:$A,'Muraba Veil Sale Summary'!F:F)) -> 2218.7649 | G21: =IF(Table2[[#This Row],[Unit ]]="","",_xlfn.XLOOKUP(Table2[[#This Row],[Type]],'Muraba Veil Sale Summary'!$A:$A,'Muraba Veil Sale Summary'!G:G)) -> 1619.3227 | H21: =IFERROR(F21+G21,0) -> 3838.0875 | I21: ='Launches Residences'!$U$7 -> 0.3 | J21: =IF(Table2[[#This Row],[Unit ]]="","",F21+(G21*Table2[[#This Row],[Terrace Area]])) -> 2704.5617 | K21: =_xlfn.XLOOKUP(Table2[[#This Row],[Unit ]],'Launches Residences'!$F$15:$F$71,'Launches Residences'!$J$15:$J$71) -> 5900 | L21: =IFERROR(J21*K21,0) -> 15956914 | M21: =Table2[[#This Row],[Price/Sq.ft]] -> 5900 | N21: =VLOOKUP(Table2[[#This Row],[Unit ]],'[1]Muraba Unit Wise Details '!$C$4:$L$67,10,FALSE) -> 15956914 | O21: =Table2[[#This Row],[Column2]]-Table2[[#This Row],[Price]] -> 0 | P21: =Table2[[#This Row],[Price]]/Table2[[#This Row],[Total Area (Sq.ft)]] -> 4157.5169 | Q21: =Table2[[#This Row],[Price]]/Table2[[#This Row],[Sellable Area (Sq. ft)]] -> 5900
A22: =IF(Table2[[#This Row],[Unit ]]="","","2 Bedroom") -> 2 Bedroom | B22: Available | C22: 1302 | D22: 13th | E22: =IF(Table2[[#This Row],[Unit ]]="","",_xlfn.XLOOKUP(Table2[[#This Row],[Type]],'Muraba Veil Sale Summary'!A:A,'Muraba Veil Sale Summary'!P:P)) -> 2 | F22: =IF(Table2[[#This Row],[Unit ]]="","",_xlfn.XLOOKUP(Table2[[#This Row],[Type]],'Muraba Veil Sale Summary'!$A:$A,'Muraba Veil Sale Summary'!F:F)) -> 2218.7649 | G22: =IF(Table2[[#This Row],[Unit ]]="","",_xlfn.XLOOKUP(Table2[[#This Row],[Type]],'Muraba Veil Sale Summary'!$A:$A,'Muraba Veil Sale Summary'!G:G)) -> 1619.3227 | H22: =IFERROR(F22+G22,0) -> 3838.0875 | I22: ='Launches Residences'!$U$7 -> 0.3 | J22: =IF(Table2[[#This Row],[Unit ]]="","",F22+(G22*Table2[[#This Row],[Terrace Area]])) -> 2704.5617 | K22: =_xlfn.XLOOKUP(Table2[[#This Row],[Unit ]],'Launches Residences'!$E$15:$E$71,'Launches Residences'!$I$15:$I$71) -> 6050 | L22: =IFERROR(J22*K22,0) -> 16362598 | M22: =Table2[[#This Row],[Price/Sq.ft]] -> 6050 | N22: =VLOOKUP(Table2[[#This Row],[Unit ]],'[1]Muraba Unit Wise Details '!$C$4:$L$67,10,FALSE) -> 16362598 | O22: =Table2[[#This Row],[Column2]]-Table2[[#This Row],[Price]] -> 0 | P22: =Table2[[#This Row],[Price]]/Table2[[#This Row],[Total Area (Sq.ft)]] -> 4263.2165 | Q22: =Table2[[#This Row],[Price]]/Table2[[#This Row],[Sellable Area (Sq. ft)]] -> 6050
A23: =IF(Table2[[#This Row],[Unit ]]="","","2 Bedroom") -> 2 Bedroom | B23: Available | C23: 1303 | D23: 13th | E23: =IF(Table2[[#This Row],[Unit ]]="","",_xlfn.XLOOKUP(Table2[[#This Row],[Type]],'Muraba Veil Sale Summary'!A:A,'Muraba Veil Sale Summary'!P:P)) -> 2 | F23: =IF(Table2[[#This Row],[Unit ]]="","",_xlfn.XLOOKUP(Table2[[#This Row],[Type]],'Muraba Veil Sale Summary'!$A:$A,'Muraba Veil Sale Summary'!F:F)) -> 2218.7649 | G23: =IF(Table2[[#This Row],[Unit ]]="","",_xlfn.XLOOKUP(Table2[[#This Row],[Type]],'Muraba Veil Sale Summary'!$A:$A,'Muraba Veil Sale Summary'!G:G)) -> 1619.3227 | H23: =IFERROR(F23+G23,0) -> 3838.0875 | I23: ='Launches Residences'!$U$7 -> 0.3 | J23: =IF(Table2[[#This Row],[Unit ]]="","",F23+(G23*Table2[[#This Row],[Terrace Area]])) -> 2704.5617 | K23: =_xlfn.XLOOKUP(Table2[[#This Row],[Unit ]],'Launches Residences'!$F$15:$F$71,'Launches Residences'!$J$15:$J$71) -> 6050 | L23: =IFERROR(J23*K23,0) -> 16362598 | M23: =Table2[[#This Row],[Price/Sq.ft]] -> 6050 | N23: =VLOOKUP(Table2[[#This Row],[Unit ]],'[1]Muraba Unit Wise Details '!$C$4:$L$67,10,FALSE) -> 16362598 | O23: =Table2[[#This Row],[Column2]]-Table2[[#This Row],[Price]] -> 0 | P23: =Table2[[#This Row],[Price]]/Table2[[#This Row],[Total Area (Sq.ft)]] -> 4263.2165 | Q23: =Table2[[#This Row],[Price]]/Table2[[#This Row],[Sellable Area (Sq. ft)]] -> 6050
A24: =IF(Table2[[#This Row],[Unit ]]="","","2 Bedroom") -> 2 Bedroom | B24: Available | C24: 1402 | D24: 14th | E24: =IF(Table2[[#This Row],[Unit ]]="","",_xlfn.XLOOKUP(Table2[[#This Row],[Type]],'Muraba Veil Sale Summary'!A:A,'Muraba Veil Sale Summary'!P:P)) -> 2 | F24: =IF(Table2[[#This Row],[Unit ]]="","",_xlfn.XLOOKUP(Table2[[#This Row],[Type]],'Muraba Veil Sale Summary'!$A:$A,'Muraba Veil Sale Summary'!F:F)) -> 2218.7649 | G24: =IF(Table2[[#This Row],[Unit ]]="","",_xlfn.XLOOKUP(Table2[[#This Row],[Type]],'Muraba Veil Sale Summary'!$A:$A,'Muraba Veil Sale Summary'!G:G)) -> 1619.3227 | H24: =IFERROR(F24+G24,0) -> 3838.0875 | I24: ='Launches Residences'!$U$7 -> 0.3 | J24: =IF(Table2[[#This Row],[Unit ]]="","",F24+(G24*Table2[[#This Row],[Terrace Area]])) -> 2704.5617 | K24: =_xlfn.XLOOKUP(Table2[[#This Row],[Unit ]],'Launches Residences'!$E$15:$E$71,'Launches Residences'!$I$15:$I$71) -> 6200 | L24: =IFERROR(J24*K24,0) -> 16768282 | M24: =Table2[[#This Row],[Price/Sq.ft]] -> 6200 | N24: =VLOOKUP(Table2[[#This Row],[Unit ]],'[1]Muraba Unit Wise Details '!$C$4:$L$67,10,FALSE) -> 16768282 | O24: =Table2[[#This Row],[Column2]]-Table2[[#This Row],[Price]] -> 0 | P24: =Table2[[#This Row],[Price]]/Table2[[#This Row],[Total Area (Sq.ft)]] -> 4368.9161 | Q24: =Table2[[#This Row],[Price]]/Table2[[#This Row],[Sellable Area (Sq. ft)]] -> 6200
A25: =IF(Table2[[#This Row],[Unit ]]="","","2 Bedroom") -> 2 Bedroom | B25: Available | C25: 1403 | D25: 14th | E25: =IF(Table2[[#This Row],[Unit ]]="","",_xlfn.XLOOKUP(Table2[[#This Row],[Type]],'Muraba Veil Sale Summary'!A:A,'Muraba Veil Sale Summary'!P:P)) -> 2 | F25: =IF(Table2[[#This Row],[Unit ]]="","",_xlfn.XLOOKUP(Table2[[#This Row],[Type]],'Muraba Veil Sale Summary'!$A:$A,'Muraba Veil Sale Summary'!F:F)) -> 2218.7649 | G25: =IF(Table2[[#This Row],[Unit ]]="","",_xlfn.XLOOKUP(Table2[[#This Row],[Type]],'Muraba Veil Sale Summary'!$A:$A,'Muraba Veil Sale Summary'!G:G)) -> 1619.3227 | H25: =IFERROR(F25+G25,0) -> 3838.0875 | I25: ='Launches Residences'!$U$7 -> 0.3 | J25: =IF(Table2[[#This Row],[Unit ]]="","",F25+(G25*Table2[[#This Row],[Terrace Area]])) -> 2704.5617 | K25: =_xlfn.XLOOKUP(Table2[[#This Row],[Unit ]],'Launches Residences'!$F$15:$F$71,'Launches Residences'!$J$15:$J$71) -> 6200 | L25: =IFERROR(J25*K25,0) -> 16768282 | M25: =Table2[[#This Row],[Price/Sq.ft]] -> 6200 | N25: =VLOOKUP(Table2[[#This Row],[Unit ]],'[1]Muraba Unit Wise Details '!$C$4:$L$67,10,FALSE) -> 16768282 | O25: =Table2[[#This Row],[Column2]]-Table2[[#This Row],[Price]] -> 0 | P25: =Table2[[#This Row],[Price]]/Table2[[#This Row],[Total Area (Sq.ft)]] -> 4368.9161 | Q25: =Table2[[#This Row],[Price]]/Table2[[#This Row],[Sellable Area (Sq. ft)]] -> 6200
A26: =IF(Table2[[#This Row],[Unit ]]="","","2 Bedroom") -> 2 Bedroom | B26: Bank Locked | C26: 1502 | D26: 15th | E26: =IF(Table2[[#This Row],[Unit ]]="","",_xlfn.XLOOKUP(Table2[[#This Row],[Type]],'Muraba Veil Sale Summary'!A:A,'Muraba Veil Sale Summary'!P:P)) -> 2 | F26: =IF(Table2[[#This Row],[Unit ]]="","",_xlfn.XLOOKUP(Table2[[#This Row],[Type]],'Muraba Veil Sale Summary'!$A:$A,'Muraba Veil Sale Summary'!F:F)) -> 2218.7649 | G26: =IF(Table2[[#This Row],[Unit ]]="","",_xlfn.XLOOKUP(Table2[[#This Row],[Type]],'Muraba Veil Sale Summary'!$A:$A,'Muraba Veil Sale Summary'!G:G)) -> 1619.3227 | H26: =IFERROR(F26+G26,0) -> 3838.0875 | I26: ='Launches Residences'!$U$7 -> 0.3 | J26: =IF(Table2[[#This Row],[Unit ]]="","",F26+(G26*Table2[[#This Row],[Terrace Area]])) -> 2704.5617 | K26: =_xlfn.XLOOKUP(Table2[[#This Row],[Unit ]],'Launches Residences'!$E$15:$E$71,'Launches Residences'!$I$15:$I$71) -> 6350 | L26: =IFERROR(J26*K26,0) -> 17173967 | M26: =Table2[[#This Row],[Price/Sq.ft]] -> 6350 | N26: =VLOOKUP(Table2[[#This Row],[Unit ]],'[1]Muraba Unit Wise Details '!$C$4:$L$67,10,FALSE) -> 17173967 | O26: =Table2[[#This Row],[Column2]]-Table2[[#This Row],[Price]] -> 0 | P26: =Table2[[#This Row],[Price]]/Table2[[#This Row],[Total Area (Sq.ft)]] -> 4474.6156 | Q26: =Table2[[#This Row],[Price]]/Table2[[#This Row],[Sellable Area (Sq. ft)]] -> 6350
A27: =IF(Table2[[#This Row],[Unit ]]="","","2 Bedroom") -> 2 Bedroom | B27: Bank Locked | C27: 1503 | D27: 15th | E27: =IF(Table2[[#This Row],[Unit ]]="","",_xlfn.XLOOKUP(Table2[[#This Row],[Type]],'Muraba Veil Sale Summary'!A:A,'Muraba Veil Sale Summary'!P:P)) -> 2 | F27: =IF(Table2[[#This Row],[Unit ]]="","",_xlfn.XLOOKUP(Table2[[#This Row],[Type]],'Muraba Veil Sale Summary'!$A:$A,'Muraba Veil Sale Summary'!F:F)) -> 2218.7649 | G27: =IF(Table2[[#This Row],[Unit ]]="","",_xlfn.XLOOKUP(Table2[[#This Row],[Type]],'Muraba Veil Sale Summary'!$A:$A,'Muraba Veil Sale Summary'!G:G)) -> 1619.3227 | H27: =IFERROR(F27+G27,0) -> 3838.0875 | I27: ='Launches Residences'!$U$7 -> 0.3 | J27: =IF(Table2[[#This Row],[Unit ]]="","",F27+(G27*Table2[[#This Row],[Terrace Area]])) -> 2704.5617 | K27: =_xlfn.XLOOKUP(Table2[[#This Row],[Unit ]],'Launches Residences'!$F$15:$F$71,'Launches Residences'!$J$15:$J$71) -> 6350 | L27: =IFERROR(J27*K27,0) -> 17173967 | M27: =Table2[[#This Row],[Price/Sq.ft]] -> 6350 | N27: =VLOOKUP(Table2[[#This Row],[Unit ]],'[1]Muraba Unit Wise Details '!$C$4:$L$67,10,FALSE) -> 17173967 | O27: =Table2[[#This Row],[Column2]]-Table2[[#This Row],[Price]] -> 0 | P27: =Table2[[#This Row],[Price]]/Table2[[#This Row],[Total Area (Sq.ft)]] -> 4474.6156 | Q27: =Table2[[#This Row],[Price]]/Table2[[#This Row],[Sellable Area (Sq. ft)]] -> 6350
A28: =IF(Table2[[#This Row],[Unit ]]="","","2 Bedroom") -> 2 Bedroom | B28: Available | C28: 1602 | D28: 16th | E28: =IF(Table2[[#This Row],[Unit ]]="","",_xlfn.XLOOKUP(Table2[[#This Row],[Type]],'Muraba Veil Sale Summary'!A:A,'Muraba Veil Sale Summary'!P:P)) -> 2 | F28: =IF(Table2[[#This Row],[Unit ]]="","",_xlfn.XLOOKUP(Table2[[#This Row],[Type]],'Muraba Veil Sale Summary'!$A:$A,'Muraba Veil Sale Summary'!F:F)) -> 2218.7649 | G28: =IF(Table2[[#This Row],[Unit ]]="","",_xlfn.XLOOKUP(Table2[[#This Row],[Type]],'Muraba Veil Sale Summary'!$A:$A,'Muraba Veil Sale Summary'!G:G)) -> 1619.3227 | H28: =IFERROR(F28+G28,0) -> 3838.0875 | I28: ='Launches Residences'!$U$7 -> 0.3 | J28: =IF(Table2[[#This Row],[Unit ]]="","",F28+(G28*Table2[[#This Row],[Terrace Area]])) -> 2704.5617 | K28: =_xlfn.XLOOKUP(Table2[[#This Row],[Unit ]],'Launches Residences'!$E$15:$E$71,'Launches Residences'!$I$15:$I$71) -> 6500 | L28: =IFERROR(J28*K28,0) -> 17579651 | M28: =Table2[[#This Row],[Price/Sq.ft]] -> 6500 | N28: =VLOOKUP(Table2[[#This Row],[Unit ]],'[1]Muraba Unit Wise Details '!$C$4:$L$67,10,FALSE) -> 17579651 | O28: =Table2[[#This Row],[Column2]]-Table2[[#This Row],[Price]] -> 0 | P28: =Table2[[#This Row],[Price]]/Table2[[#This Row],[Total Area (Sq.ft)]] -> 4580.3152 | Q28: =Table2[[#This Row],[Price]]/Table2[[#This Row],[Sellable Area (Sq. ft)]] -> 6500
A29: =IF(Table2[[#This Row],[Unit ]]="","","2 Bedroom") -> 2 Bedroom | B29: Available | C29: 1603 | D29: 16th | E29: =IF(Table2[[#This Row],[Unit ]]="","",_xlfn.XLOOKUP(Table2[[#This Row],[Type]],'Muraba Veil Sale Summary'!A:A,'Muraba Veil Sale Summary'!P:P)) -> 2 | F29: =IF(Table2[[#This Row],[Unit ]]="","",_xlfn.XLOOKUP(Table2[[#This Row],[Type]],'Muraba Veil Sale Summary'!$A:$A,'Muraba Veil Sale Summary'!F:F)) -> 2218.7649 | G29: =IF(Table2[[#This Row],[Unit ]]="","",_xlfn.XLOOKUP(Table2[[#This Row],[Type]],'Muraba Veil Sale Summary'!$A:$A,'Muraba Veil Sale Summary'!G:G)) -> 1619.3227 | H29: =IFERROR(F29+G29,0) -> 3838.0875 | I29: ='Launches Residences'!$U$7 -> 0.3 | J29: =IF(Table2[[#This Row],[Unit ]]="","",F29+(G29*Table2[[#This Row],[Terrace Area]])) -> 2704.5617 | K29: =_xlfn.XLOOKUP(Table2[[#This Row],[Unit ]],'Launches Residences'!$F$15:$F$71,'Launches Residences'!$J$15:$J$71) -> 6500 | L29: =IFERROR(J29*K29,0) -> 17579651 | M29: =Table2[[#This Row],[Price/Sq.ft]] -> 6500 | N29: =VLOOKUP(Table2[[#This Row],[Unit ]],'[1]Muraba Unit Wise Details '!$C$4:$L$67,10,FALSE) -> 17579651 | O29: =Table2[[#This Row],[Column2]]-Table2[[#This Row],[Price]] -> 0 | P29: =Table2[[#This Row],[Price]]/Table2[[#This Row],[Total Area (Sq.ft)]] -> 4580.3152 | Q29: =Table2[[#This Row],[Price]]/Table2[[#This Row],[Sellable Area (Sq. ft)]] -> 6500
A30: =IF(Table2[[#This Row],[Unit ]]="","","2 Bedroom") -> 2 Bedroom | B30: Sold | C30: 1702 | D30: 17th | E30: =IF(Table2[[#This Row],[Unit ]]="","",_xlfn.XLOOKUP(Table2[[#This Row],[Type]],'Muraba Veil Sale Summary'!A:A,'Muraba Veil Sale Summary'!P:P)) -> 2 | F30: =IF(Table2[[#This Row],[Unit ]]="","",_xlfn.XLOOKUP(Table2[[#This Row],[Type]],'Muraba Veil Sale Summary'!$A:$A,'Muraba Veil Sale Summary'!F:F)) -> 2218.7649 | G30: =IF(Table2[[#This Row],[Unit ]]="","",_xlfn.XLOOKUP(Table2[[#This Row],[Type]],'Muraba Veil Sale Summary'!$A:$A,'Muraba Veil Sale Summary'!G:G)) -> 1619.3227 | H30: =IFERROR(F30+G30,0) -> 3838.0875 | I30: ='Launches Residences'!$U$7 -> 0.3 | J30: =IF(Table2[[#This Row],[Unit ]]="","",F30+(G30*Table2[[#This Row],[Terrace Area]])) -> 2704.5617 | K30: =_xlfn.XLOOKUP(Table2[[#This Row],[Unit ]],'Launches Residences'!$E$15:$E$71,'Launches Residences'!$I$15:$I$71) -> 5541.346 | L30: 14986912 | M30: =Table2[[#This Row],[Price/Sq.ft]] -> 5541.346 | N30: =VLOOKUP(Table2[[#This Row],[Unit ]],'[1]Muraba Unit Wise Details '!$C$4:$L$67,10,FALSE) -> 14986912 | O30: =Table2[[#This Row],[Column2]]-Table2[[#This Row],[Price]] -> 0 | P30: =Table2[[#This Row],[Price]]/Table2[[#This Row],[Total Area (Sq.ft)]] -> 3904.7864 | Q30: =Table2[[#This Row],[Price]]/Table2[[#This Row],[Sellable Area (Sq. ft)]] -> 5541.346
A31: =IF(Table2[[#This Row],[Unit ]]="","","2 Bedroom") -> 2 Bedroom | B31: Available | C31: 1703 | D31: 17th | E31: =IF(Table2[[#This Row],[Unit ]]="","",_xlfn.XLOOKUP(Table2[[#This Row],[Type]],'Muraba Veil Sale Summary'!A:A,'Muraba Veil Sale Summary'!P:P)) -> 2 | F31: =IF(Table2[[#This Row],[Unit ]]="","",_xlfn.XLOOKUP(Table2[[#This Row],[Type]],'Muraba Veil Sale Summary'!$A:$A,'Muraba Veil Sale Summary'!F:F)) -> 2218.7649 | G31: =IF(Table2[[#This Row],[Unit ]]="","",_xlfn.XLOOKUP(Table2[[#This Row],[Type]],'Muraba Veil Sale Summary'!$A:$A,'Muraba Veil Sale Summary'!G:G)) -> 1619.3227 | H31: =IFERROR(F31+G31,0) -> 3838.0875 | I31: ='Launches Residences'!$U$7 -> 0.3 | J31: =IF(Table2[[#This Row],[Unit ]]="","",F31+(G31*Table2[[#This Row],[Terrace Area]])) -> 2704.5617 | K31: =_xlfn.XLOOKUP(Table2[[#This Row],[Unit ]],'Launches Residences'!$F$15:$F$71,'Launches Residences'!$J$15:$J$71) -> 6650 | L31: =IFERROR(J31*K31,0) -> 17985335 | M31: =Table2[[#This Row],[Price/Sq.ft]] -> 6650 | N31: =VLOOKUP(Table2[[#This Row],[Unit ]],'[1]Muraba Unit Wise Details '!$C$4:$L$67,10,FALSE) -> 17985335 | O31: =Table2[[#This Row],[Column2]]-Table2[[#This Row],[Price]] -> 0 | P31: =Table2[[#This Row],[Price]]/Table2[[#This Row],[Total Area (Sq.ft)]] -> 4686.0148 | Q31: =Table2[[#This Row],[Price]]/Table2[[#This Row],[Sellable Area (Sq. ft)]] -> 6650
A32: =IF(Table2[[#This Row],[Unit ]]="","","2 Bedroom") -> 2 Bedroom | B32: Available | C32: 1802 | D32: 18th | E32: =IF(Table2[[#This Row],[Unit ]]="","",_xlfn.XLOOKUP(Table2[[#This Row],[Type]],'Muraba Veil Sale Summary'!A:A,'Muraba Veil Sale Summary'!P:P)) -> 2 | F32: =IF(Table2[[#This Row],[Unit ]]="","",_xlfn.XLOOKUP(Table2[[#This Row],[Type]],'Muraba Veil Sale Summary'!$A:$A,'Muraba Veil Sale Summary'!F:F)) -> 2218.7649 | G32: =IF(Table2[[#This Row],[Unit ]]="","",_xlfn.XLOOKUP(Table2[[#This Row],[Type]],'Muraba Veil Sale Summary'!$A:$A,'Muraba Veil Sale Summary'!G:G)) -> 1619.3227 | H32: =IFERROR(F32+G32,0) -> 3838.0875 | I32: ='Launches Residences'!$U$7 -> 0.3 | J32: =IF(Table2[[#This Row],[Unit ]]="","",F32+(G32*Table2[[#This Row],[Terrace Area]])) -> 2704.5617 | K32: =_xlfn.XLOOKUP(Table2[[#This Row],[Unit ]],'Launches Residences'!$E$15:$E$71,'Launches Residences'!$I$15:$I$71) -> 6800 | L32: =IFERROR(J32*K32,0) -> 18391019 | M32: =Table2[[#This Row],[Price/Sq.ft]] -> 6800 | N32: =VLOOKUP(Table2[[#This Row],[Unit ]],'[1]Muraba Unit Wise Details '!$C$4:$L$67,10,FALSE) -> 18391019 | O32: =Table2[[#This Row],[Column2]]-Table2[[#This Row],[Price]] -> 0 | P32: =Table2[[#This Row],[Price]]/Table2[[#This Row],[Total Area (Sq.ft)]] -> 4791.7144 | Q32: =Table2[[#This Row],[Price]]/Table2[[#This Row],[Sellable Area (Sq. ft)]] -> 6800
A33: =IF(Table2[[#This Row],[Unit ]]="","","2 Bedroom") -> 2 Bedroom | B33: Available | C33: 1803 | D33: 18th | E33: =IF(Table2[[#This Row],[Unit ]]="","",_xlfn.XLOOKUP(Table2[[#This Row],[Type]],'Muraba Veil Sale Summary'!A:A,'Muraba Veil Sale Summary'!P:P)) -> 2 | F33: =IF(Table2[[#This Row],[Unit ]]="","",_xlfn.XLOOKUP(Table2[[#This Row],[Type]],'Muraba Veil Sale Summary'!$A:$A,'Muraba Veil Sale Summary'!F:F)) -> 2218.7649 | G33: =IF(Table2[[#This Row],[Unit ]]="","",_xlfn.XLOOKUP(Table2[[#This Row],[Type]],'Muraba Veil Sale Summary'!$A:$A,'Muraba Veil Sale Summary'!G:G)) -> 1619.3227 | H33: =IFERROR(F33+G33,0) -> 3838.0875 | I33: ='Launches Residences'!$U$7 -> 0.3 | J33: =IF(Table2[[#This Row],[Unit ]]="","",F33+(G33*Table2[[#This Row],[Terrace Area]])) -> 2704.5617 | K33: =_xlfn.XLOOKUP(Table2[[#This Row],[Unit ]],'Launches Residences'!$F$15:$F$71,'Launches Residences'!$J$15:$J$71) -> 6800 | L33: =IFERROR(J33*K33,0) -> 18391019 | M33: =Table2[[#This Row],[Price/Sq.ft]] -> 6800 | N33: =VLOOKUP(Table2[[#This Row],[Unit ]],'[1]Muraba Unit Wise Details '!$C$4:$L$67,10,FALSE) -> 18391019 | O33: =Table2[[#This Row],[Column2]]-Table2[[#This Row],[Price]] -> 0 | P33: =Table2[[#This Row],[Price]]/Table2[[#This Row],[Total Area (Sq.ft)]] -> 4791.7144 | Q33: =Table2[[#This Row],[Price]]/Table2[[#This Row],[Sellable Area (Sq. ft)]] -> 6800
A34: =IF(Table2[[#This Row],[Unit ]]="","","2 Bedroom") -> 2 Bedroom | B34: Bank Locked | C34: 1902 | D34: 19th | E34: =IF(Table2[[#This Row],[Unit ]]="","",_xlfn.XLOOKUP(Table2[[#This Row],[Type]],'Muraba Veil Sale Summary'!A:A,'Muraba Veil Sale Summary'!P:P)) -> 2 | F34: =IF(Table2[[#This Row],[Unit ]]="","",_xlfn.XLOOKUP(Table2[[#This Row],[Type]],'Muraba Veil Sale Summary'!$A:$A,'Muraba Veil Sale Summary'!F:F)) -> 2218.7649 | G34: =IF(Table2[[#This Row],[Unit ]]="","",_xlfn.XLOOKUP(Table2[[#This Row],[Type]],'Muraba Veil Sale Summary'!$A:$A,'Muraba Veil Sale Summary'!G:G)) -> 1619.3227 | H34: =IFERROR(F34+G34,0) -> 3838.0875 | I34: ='Launches Residences'!$U$7 -> 0.3 | J34: =IF(Table2[[#This Row],[Unit ]]="","",F34+(G34*Table2[[#This Row],[Terrace Area]])) -> 2704.5617 | K34: =_xlfn.XLOOKUP(Table2[[#This Row],[Unit ]],'Launches Residences'!$E$15:$E$71,'Launches Residences'!$I$15:$I$71) -> 6950 | L34: =IFERROR(J34*K34,0) -> 18796704 | M34: =Table2[[#This Row],[Price/Sq.ft]] -> 6950 | N34: =VLOOKUP(Table2[[#This Row],[Unit ]],'[1]Muraba Unit Wise Details '!$C$4:$L$67,10,FALSE) -> 18796704 | O34: =Table2[[#This Row],[Column2]]-Table2[[#This Row],[Price]] -> 0 | P34: =Table2[[#This Row],[Price]]/Table2[[#This Row],[Total Area (Sq.ft)]] -> 4897.414 | Q34: =Table2[[#This Row],[Price]]/Table2[[#This Row],[Sellable Area (Sq. ft)]] -> 6950
A35: =IF(Table2[[#This Row],[Unit ]]="","","2 Bedroom") -> 2 Bedroom | B35: Bank Locked | C35: 1903 | D35: 19th | E35: =IF(Table2[[#This Row],[Unit ]]="","",_xlfn.XLOOKUP(Table2[[#This Row],[Type]],'Muraba Veil Sale Summary'!A:A,'Muraba Veil Sale Summary'!P:P)) -> 2 | F35: =IF(Table2[[#This Row],[Unit ]]="","",_xlfn.XLOOKUP(Table2[[#This Row],[Type]],'Muraba Veil Sale Summary'!$A:$A,'Muraba Veil Sale Summary'!F:F)) -> 2218.7649 | G35: =IF(Table2[[#This Row],[Unit ]]="","",_xlfn.XLOOKUP(Table2[[#This Row],[Type]],'Muraba Veil Sale Summary'!$A:$A,'Muraba Veil Sale Summary'!G:G)) -> 1619.3227 | H35: =IFERROR(F35+G35,0) -> 3838.0875 | I35: ='Launches Residences'!$U$7 -> 0.3 | J35: =IF(Table2[[#This Row],[Unit ]]="","",F35+(G35*Table2[[#This Row],[Terrace Area]])) -> 2704.5617 | K35: =_xlfn.XLOOKUP(Table2[[#This Row],[Unit ]],'Launches Residences'!$F$15:$F$71,'Launches Residences'!$J$15:$J$71) -> 6950 | L35: =IFERROR(J35*K35,0) -> 18796704 | M35: =Table2[[#This Row],[Price/Sq.ft]] -> 6950 | N35: =VLOOKUP(Table2[[#This Row],[Unit ]],'[1]Muraba Unit Wise Details '!$C$4:$L$67,10,FALSE) -> 18796704 | O35: =Table2[[#This Row],[Column2]]-Table2[[#This Row],[Price]] -> 0 | P35: =Table2[[#This Row],[Price]]/Table2[[#This Row],[Total Area (Sq.ft)]] -> 4897.414 | Q35: =Table2[[#This Row],[Price]]/Table2[[#This Row],[Sellable Area (Sq. ft)]] -> 6950
A36: =IF(Table2[[#This Row],[Unit ]]="","","2 Bedroom") -> 2 Bedroom | B36: Sold | C36: 2002 | D36: 20th | E36: =IF(Table2[[#This Row],[Unit ]]="","",_xlfn.XLOOKUP(Table2[[#This Row],[Type]],'Muraba Veil Sale Summary'!A:A,'Muraba Veil Sale Summary'!P:P)) -> 2 | F36: =IF(Table2[[#This Row],[Unit ]]="","",_xlfn.XLOOKUP(Table2[[#This Row],[Type]],'Muraba Veil Sale Summary'!$A:$A,'Muraba Veil Sale Summary'!F:F)) -> 2218.7649 | G36: =IF(Table2[[#This Row],[Unit ]]="","",_xlfn.XLOOKUP(Table2[[#This Row],[Type]],'Muraba Veil Sale Summary'!$A:$A,'Muraba Veil Sale Summary'!G:G)) -> 1619.3227 | H36: =IFERROR(F36+G36,0) -> 3838.0875 | I36: ='Launches Residences'!$U$7 -> 0.3 | J36: =IF(Table2[[#This Row],[Unit ]]="","",F36+(G36*Table2[[#This Row],[Terrace Area]])) -> 2704.5617 | K36: =_xlfn.XLOOKUP(Table2[[#This Row],[Unit ]],'Launches Residences'!$E$15:$E$71,'Launches Residences'!$I$15:$I$71) -> 5361.3124 | L36: 14500000 | M36: =Table2[[#This Row],[Price/Sq.ft]] -> 5361.3124 | N36: =VLOOKUP(Table2[[#This Row],[Unit ]],'[1]Muraba Unit Wise Details '!$C$4:$L$67,10,FALSE) -> 14500000 | O36: =Table2[[#This Row],[Column2]]-Table2[[#This Row],[Price]] -> 0 | P36: =Table2[[#This Row],[Price]]/Table2[[#This Row],[Total Area (Sq.ft)]] -> 3777.9232 | Q36: =Table2[[#This Row],[Price]]/Table2[[#This Row],[Sellable Area (Sq. ft)]] -> 5361.3124
A37: =IF(Table2[[#This Row],[Unit ]]="","","2 Bedroom") -> 2 Bedroom | B37: Sold | C37: 2003 | D37: 20th | E37: =IF(Table2[[#This Row],[Unit ]]="","",_xlfn.XLOOKUP(Table2[[#This Row],[Type]],'Muraba Veil Sale Summary'!A:A,'Muraba Veil Sale Summary'!P:P)) -> 2 | F37: =IF(Table2[[#This Row],[Unit ]]="","",_xlfn.XLOOKUP(Table2[[#This Row],[Type]],'Muraba Veil Sale Summary'!$A:$A,'Muraba Veil Sale Summary'!F:F)) -> 2218.7649 | G37: =IF(Table2[[#This Row],[Unit ]]="","",_xlfn.XLOOKUP(Table2[[#This Row],[Type]],'Muraba Veil Sale Summary'!$A:$A,'Muraba Veil Sale Summary'!G:G)) -> 1619.3227 | H37: =IFERROR(F37+G37,0) -> 3838.0875 | I37: ='Launches Residences'!$U$7 -> 0.3 | J37: =IF(Table2[[#This Row],[Unit ]]="","",F37+(G37*Table2[[#This Row],[Terrace Area]])) -> 2704.5617 | K37: =_xlfn.XLOOKUP(Table2[[#This Row],[Unit ]],'Launches Residences'!$F$15:$F$71,'Launches Residences'!$J$15:$J$71) -> 5950.0001 | L37: 16092142 | M37: =Table2[[#This Row],[Price/Sq.ft]] -> 5950.0001 | N37: =VLOOKUP(Table2[[#This Row],[Unit ]],'[1]Muraba Unit Wise Details '!$C$4:$L$67,10,FALSE) -> 16092142 | O37: =Table2[[#This Row],[Column2]]-Table2[[#This Row],[Price]] -> 0 | P37: =Table2[[#This Row],[Price]]/Table2[[#This Row],[Total Area (Sq.ft)]] -> 4192.7501 | Q37: =Table2[[#This Row],[Price]]/Table2[[#This Row],[Sellable Area (Sq. ft)]] -> 5950.0001
A38: =IF(Table2[[#This Row],[Unit ]]="","","2 Bedroom") -> 2 Bedroom | B38: Sold | C38: 2102 | D38: 21st | E38: =IF(Table2[[#This Row],[Unit ]]="","",_xlfn.XLOOKUP(Table2[[#This Row],[Type]],'Muraba Veil Sale Summary'!A:A,'Muraba Veil Sale Summary'!P:P)) -> 2 | F38: =IF(Table2[[#This Row],[Unit ]]="","",_xlfn.XLOOKUP(Table2[[#This Row],[Type]],'Muraba Veil Sale Summary'!$A:$A,'Muraba Veil Sale Summary'!F:F)) -> 2218.7649 | G38: =IF(Table2[[#This Row],[Unit ]]="","",_xlfn.XLOOKUP(Table2[[#This Row],[Type]],'Muraba Veil Sale Summary'!$A:$A,'Muraba Veil Sale Summary'!G:G)) -> 1619.3227 | H38: =IFERROR(F38+G38,0) -> 3838.0875 | I38: ='Launches Residences'!$U$7 -> 0.3 | J38: =IF(Table2[[#This Row],[Unit ]]="","",F38+(G38*Table2[[#This Row],[Terrace Area]])) -> 2704.5617 | K38: =_xlfn.XLOOKUP(Table2[[#This Row],[Unit ]],'Launches Residences'!$E$15:$E$71,'Launches Residences'!$I$15:$I$71) -> 6149.9999 | L38: 16633054 | M38: =Table2[[#This Row],[Price/Sq.ft]] -> 6149.9999 | N38: =VLOOKUP(Table2[[#This Row],[Unit ]],'[1]Muraba Unit Wise Details '!$C$4:$L$67,10,FALSE) -> 16633054 | O38: =Table2[[#This Row],[Column2]]-Table2[[#This Row],[Price]] -> 0 | P38: =Table2[[#This Row],[Price]]/Table2[[#This Row],[Total Area (Sq.ft)]] -> 4333.6828 | Q38: =Table2[[#This Row],[Price]]/Table2[[#This Row],[Sellable Area (Sq. ft)]] -> 6149.9999
A39: =IF(Table2[[#This Row],[Unit ]]="","","2 Bedroom") -> 2 Bedroom | B39: Available | C39: 2103 | D39: 21st | E39: =IF(Table2[[#This Row],[Unit ]]="","",_xlfn.XLOOKUP(Table2[[#This Row],[Type]],'Muraba Veil Sale Summary'!A:A,'Muraba Veil Sale Summary'!P:P)) -> 2 | F39: =IF(Table2[[#This Row],[Unit ]]="","",_xlfn.XLOOKUP(Table2[[#This Row],[Type]],'Muraba Veil Sale Summary'!$A:$A,'Muraba Veil Sale Summary'!F:F)) -> 2218.7649 | G39: =IF(Table2[[#This Row],[Unit ]]="","",_xlfn.XLOOKUP(Table2[[#This Row],[Type]],'Muraba Veil Sale Summary'!$A:$A,'Muraba Veil Sale Summary'!G:G)) -> 1619.3227 | H39: =IFERROR(F39+G39,0) -> 3838.0875 | I39: ='Launches Residences'!$U$7 -> 0.3 | J39: =IF(Table2[[#This Row],[Unit ]]="","",F39+(G39*Table2[[#This Row],[Terrace Area]])) -> 2704.5617 | K39: =_xlfn.XLOOKUP(Table2[[#This Row],[Unit ]],'Launches Residences'!$F$15:$F$71,'Launches Residences'!$J$15:$J$71) -> 7100 | L39: =IFERROR(J39*K39,0) -> 19202388 | M39: =Table2[[#This Row],[Price/Sq.ft]] -> 7100 | N39: =VLOOKUP(Table2[[#This Row],[Unit ]],'[1]Muraba Unit Wise Details '!$C$4:$L$67,10,FALSE) -> 19608072 | O39: =Table2[[#This Row],[Column2]]-Table2[[#This Row],[Price]] -> 405684.25 | P39: =Table2[[#This Row],[Price]]/Table2[[#This Row],[Total Area (Sq.ft)]] -> 5003.1136 | Q39: =Table2[[#This Row],[Price]]/Table2[[#This Row],[Sellable Area (Sq. ft)]] -> 7100
A40: =IF(Table2[[#This Row],[Unit ]]="","","2 Bedroom") -> 2 Bedroom | B40: Available | C40: 2202 | D40: 22nd | E40: =IF(Table2[[#This Row],[Unit ]]="","",_xlfn.XLOOKUP(Table2[[#This Row],[Type]],'Muraba Veil Sale Summary'!A:A,'Muraba Veil Sale Summary'!P:P)) -> 2 | F40: =IF(Table2[[#This Row],[Unit ]]="","",_xlfn.XLOOKUP(Table2[[#This Row],[Type]],'Muraba Veil Sale Summary'!$A:$A,'Muraba Veil Sale Summary'!F:F)) -> 2218.7649 | G40: =IF(Table2[[#This Row],[Unit ]]="","",_xlfn.XLOOKUP(Table2[[#This Row],[Type]],'Muraba Veil Sale Summary'!$A:$A,'Muraba Veil Sale Summary'!G:G)) -> 1619.3227 | H40: =IFERROR(F40+G40,0) -> 3838.0875 | I40: ='Launches Residences'!$U$7 -> 0.3 | J40: =IF(Table2[[#This Row],[Unit ]]="","",F40+(G40*Table2[[#This Row],[Terrace Area]])) -> 2704.5617 | K40: =_xlfn.XLOOKUP(Table2[[#This Row],[Unit ]],'Launches Residences'!$E$15:$E$71,'Launches Residences'!$I$15:$I$71) -> 7400 | L40: =IFERROR(J40*K40,0) -> 20013756 | M40: =Table2[[#This Row],[Price/Sq.ft]] -> 7400 | N40: =VLOOKUP(Table2[[#This Row],[Unit ]],'[1]Muraba Unit Wise Details '!$C$4:$L$67,10,FALSE) -> 20013756 | O40: =Table2[[#This Row],[Column2]]-Table2[[#This Row],[Price]] -> 0 | P40: =Table2[[#This Row],[Price]]/Table2[[#This Row],[Total Area (Sq.ft)]] -> 5214.5127 | Q40: =Table2[[#This Row],[Price]]/Table2[[#This Row],[Sellable Area (Sq. ft)]] -> 7400
A41: =IF(Table2[[#This Row],[Unit ]]="","","2 Bedroom") -> 2 Bedroom | B41: Available | C41: 2203 | D41: 22nd | E41: =IF(Table2[[#This Row],[Unit ]]="","",_xlfn.XLOOKUP(Table2[[#This Row],[Type]],'Muraba Veil Sale Summary'!A:A,'Muraba Veil Sale Summary'!P:P)) -> 2 | F41: =IF(Table2[[#This Row],[Unit ]]="","",_xlfn.XLOOKUP(Table2[[#This Row],[Type]],'Muraba Veil Sale Summary'!$A:$A,'Muraba Veil Sale Summary'!F:F)) -> 2218.7649 | G41: =IF(Table2[[#This Row],[Unit ]]="","",_xlfn.XLOOKUP(Table2[[#This Row],[Type]],'Muraba Veil Sale Summary'!$A:$A,'Muraba Veil Sale Summary'!G:G)) -> 1619.3227 | H41: =IFERROR(F41+G41,0) -> 3838.0875 | I41: ='Launches Residences'!$U$7 -> 0.3 | J41: =IF(Table2[[#This Row],[Unit ]]="","",F41+(G41*Table2[[#This Row],[Terrace Area]])) -> 2704.5617 | K41: =_xlfn.XLOOKUP(Table2[[#This Row],[Unit ]],'Launches Residences'!$F$15:$F$71,'Launches Residences'!$J$15:$J$71) -> 7400 | L41: =IFERROR(J41*K41,0) -> 20013756 | M41: =Table2[[#This Row],[Price/Sq.ft]] -> 7400 | N41: =VLOOKUP(Table2[[#This Row],[Unit ]],'[1]Muraba Unit Wise Details '!$C$4:$L$67,10,FALSE) -> 20013756 | O41: =Table2[[#This Row],[Column2]]-Table2[[#This Row],[Price]] -> 0 | P41: =Table2[[#This Row],[Price]]/Table2[[#This Row],[Total Area (Sq.ft)]] -> 5214.5127 | Q41: =Table2[[#This Row],[Price]]/Table2[[#This Row],[Sellable Area (Sq. ft)]] -> 7400
A42: =IF(Table2[[#This Row],[Unit ]]="","","2 Bedroom") -> 2 Bedroom | B42: Bank Locked | C42: 2302 | D42: 23rd | E42: =IF(Table2[[#This Row],[Unit ]]="","",_xlfn.XLOOKUP(Table2[[#This Row],[Type]],'Muraba Veil Sale Summary'!A:A,'Muraba Veil Sale Summary'!P:P)) -> 2 | F42: =IF(Table2[[#This Row],[Unit ]]="","",_xlfn.XLOOKUP(Table2[[#This Row],[Type]],'Muraba Veil Sale Summary'!$A:$A,'Muraba Veil Sale Summary'!F:F)) -> 2218.7649 | G42: =IF(Table2[[#This Row],[Unit ]]="","",_xlfn.XLOOKUP(Table2[[#This Row],[Type]],'Muraba Veil Sale Summary'!$A:$A,'Muraba Veil Sale Summary'!G:G)) -> 1619.3227 | H42: =IFERROR(F42+G42,0) -> 3838.0875 | I42: ='Launches Residences'!$U$7 -> 0.3 | J42: =IF(Table2[[#This Row],[Unit ]]="","",F42+(G42*Table2[[#This Row],[Terrace Area]])) -> 2704.5617 | K42: =_xlfn.XLOOKUP(Table2[[#This Row],[Unit ]],'Launches Residences'!$E$15:$E$71,'Launches Residences'!$I$15:$I$71) -> 7550 | L42: =IFERROR(J42*K42,0) -> 20419440 | M42: =Table2[[#This Row],[Price/Sq.ft]] -> 7550 | N42: =VLOOKUP(Table2[[#This Row],[Unit ]],'[1]Muraba Unit Wise Details '!$C$4:$L$67,10,FALSE) -> 20419440 | O42: =Table2[[#This Row],[Column2]]-Table2[[#This Row],[Price]] -> 0 | P42: =Table2[[#This Row],[Price]]/Table2[[#This Row],[Total Area (Sq.ft)]] -> 5320.2123 | Q42: =Table2[[#This Row],[Price]]/Table2[[#This Row],[Sellable Area (Sq. ft)]] -> 7550
A43: =IF(Table2[[#This Row],[Unit ]]="","","2 Bedroom") -> 2 Bedroom | B43: Bank Locked | C43: 2303 | D43: 23rd | E43: =IF(Table2[[#This Row],[Unit ]]="","",_xlfn.XLOOKUP(Table2[[#This Row],[Type]],'Muraba Veil Sale Summary'!A:A,'Muraba Veil Sale Summary'!P:P)) -> 2 | F43: =IF(Table2[[#This Row],[Unit ]]="","",_xlfn.XLOOKUP(Table2[[#This Row],[Type]],'Muraba Veil Sale Summary'!$A:$A,'Muraba Veil Sale Summary'!F:F)) -> 2218.7649 | G43: =IF(Table2[[#This Row],[Unit ]]="","",_xlfn.XLOOKUP(Table2[[#This Row],[Type]],'Muraba Veil Sale Summary'!$A:$A,'Muraba Veil Sale Summary'!G:G)) -> 1619.3227 | H43: =IFERROR(F43+G43,0) -> 3838.0875 | I43: ='Launches Residences'!$U$7 -> 0.3 | J43: =IF(Table2[[#This Row],[Unit ]]="","",F43+(G43*Table2[[#This Row],[Terrace Area]])) -> 2704.5617 | K43: =_xlfn.XLOOKUP(Table2[[#This Row],[Unit ]],'Launches Residences'!$F$15:$F$71,'Launches Residences'!$J$15:$J$71) -> 7550 | L43: =IFERROR(J43*K43,0) -> 20419440 | M43: =Table2[[#This Row],[Price/Sq.ft]] -> 7550 | N43: =VLOOKUP(Table2[[#This Row],[Unit ]],'[1]Muraba Unit Wise Details '!$C$4:$L$67,10,FALSE) -> 20419440 | O43: =Table2[[#This Row],[Column2]]-Table2[[#This Row],[Price]] -> 0 | P43: =Table2[[#This Row],[Price]]/Table2[[#This Row],[Total Area (Sq.ft)]] -> 5320.2123 | Q43: =Table2[[#This Row],[Price]]/Table2[[#This Row],[Sellable Area (Sq. ft)]] -> 7550
A44: =IF(Table2[[#This Row],[Unit ]]="","","2 Bedroom") -> 2 Bedroom | B44: Available | C44: 2402 | D44: 24th | E44: =IF(Table2[[#This Row],[Unit ]]="","",_xlfn.XLOOKUP(Table2[[#This Row],[Type]],'Muraba Veil Sale Summary'!A:A,'Muraba Veil Sale Summary'!P:P)) -> 2 | F44: =IF(Table2[[#This Row],[Unit ]]="","",_xlfn.XLOOKUP(Table2[[#This Row],[Type]],'Muraba Veil Sale Summary'!$A:$A,'Muraba Veil Sale Summary'!F:F)) -> 2218.7649 | G44: =IF(Table2[[#This Row],[Unit ]]="","",_xlfn.XLOOKUP(Table2[[#This Row],[Type]],'Muraba Veil Sale Summary'!$A:$A,'Muraba Veil Sale Summary'!G:G)) -> 1619.3227 | H44: =IFERROR(F44+G44,0) -> 3838.0875 | I44: ='Launches Residences'!$U$7 -> 0.3 | J44: =IF(Table2[[#This Row],[Unit ]]="","",F44+(G44*Table2[[#This Row],[Terrace Area]])) -> 2704.5617 | K44: =_xlfn.XLOOKUP(Table2[[#This Row],[Unit ]],'Launches Residences'!$E$15:$E$71,'Launches Residences'!$I$15:$I$71) -> 7700 | L44: =IFERROR(J44*K44,0) -> 20825125 | M44: =Table2[[#This Row],[Price/Sq.ft]] -> 7700 | N44: =VLOOKUP(Table2[[#This Row],[Unit ]],'[1]Muraba Unit Wise Details '!$C$4:$L$67,10,FALSE) -> 20825125 | O44: =Table2[[#This Row],[Column2]]-Table2[[#This Row],[Price]] -> 0 | P44: =Table2[[#This Row],[Price]]/Table2[[#This Row],[Total Area (Sq.ft)]] -> 5425.9119 | Q44: =Table2[[#This Row],[Price]]/Table2[[#This Row],[Sellable Area (Sq. ft)]] -> 7700
A45: =IF(Table2[[#This Row],[Unit ]]="","","2 Bedroom") -> 2 Bedroom | B45: Available | C45: 2403 | D45: 24th | E45: =IF(Table2[[#This Row],[Unit ]]="","",_xlfn.XLOOKUP(Table2[[#This Row],[Type]],'Muraba Veil Sale Summary'!A:A,'Muraba Veil Sale Summary'!P:P)) -> 2 | F45: =IF(Table2[[#This Row],[Unit ]]="","",_xlfn.XLOOKUP(Table2[[#This Row],[Type]],'Muraba Veil Sale Summary'!$A:$A,'Muraba Veil Sale Summary'!F:F)) -> 2218.7649 | G45: =IF(Table2[[#This Row],[Unit ]]="","",_xlfn.XLOOKUP(Table2[[#This Row],[Type]],'Muraba Veil Sale Summary'!$A:$A,'Muraba Veil Sale Summary'!G:G)) -> 1619.3227 | H45: =IFERROR(F45+G45,0) -> 3838.0875 | I45: ='Launches Residences'!$U$7 -> 0.3 | J45: =IF(Table2[[#This Row],[Unit ]]="","",F45+(G45*Table2[[#This Row],[Terrace Area]])) -> 2704.5617 | K45: =_xlfn.XLOOKUP(Table2[[#This Row],[Unit ]],'Launches Residences'!$F$15:$F$71,'Launches Residences'!$J$15:$J$71) -> 7700 | L45: =IFERROR(J45*K45,0) -> 20825125 | M45: =Table2[[#This Row],[Price/Sq.ft]] -> 7700 | N45: =VLOOKUP(Table2[[#This Row],[Unit ]],'[1]Muraba Unit Wise Details '!$C$4:$L$67,10,FALSE) -> 20825125 | O45: =Table2[[#This Row],[Column2]]-Table2[[#This Row],[Price]] -> 0 | P45: =Table2[[#This Row],[Price]]/Table2[[#This Row],[Total Area (Sq.ft)]] -> 5425.9119 | Q45: =Table2[[#This Row],[Price]]/Table2[[#This Row],[Sellable Area (Sq. ft)]] -> 7700
A46: =IF(Table2[[#This Row],[Unit ]]="","","2 Bedroom") -> 2 Bedroom | B46: Available | C46: 2502 | D46: 25th | E46: =IF(Table2[[#This Row],[Unit ]]="","",_xlfn.XLOOKUP(Table2[[#This Row],[Type]],'Muraba Veil Sale Summary'!A:A,'Muraba Veil Sale Summary'!P:P)) -> 2 | F46: =IF(Table2[[#This Row],[Unit ]]="","",_xlfn.XLOOKUP(Table2[[#This Row],[Type]],'Muraba Veil Sale Summary'!$A:$A,'Muraba Veil Sale Summary'!F:F)) -> 2218.7649 | G46: =IF(Table2[[#This Row],[Unit ]]="","",_xlfn.XLOOKUP(Table2[[#This Row],[Type]],'Muraba Veil Sale Summary'!$A:$A,'Muraba Veil Sale Summary'!G:G)) -> 1619.3227 | H46: =IFERROR(F46+G46,0) -> 3838.0875 | I46: ='Launches Residences'!$U$7 -> 0.3 | J46: =IF(Table2[[#This Row],[Unit ]]="","",F46+(G46*Table2[[#This Row],[Terrace Area]])) -> 2704.5617 | K46: =_xlfn.XLOOKUP(Table2[[#This Row],[Unit ]],'Launches Residences'!$E$15:$E$71,'Launches Residences'!$I$15:$I$71) -> 7850 | L46: =IFERROR(J46*K46,0) -> 21230809 | M46: =Table2[[#This Row],[Price/Sq.ft]] -> 7850 | N46: =VLOOKUP(Table2[[#This Row],[Unit ]],'[1]Muraba Unit Wise Details '!$C$4:$L$67,10,FALSE) -> 21230809 | O46: =Table2[[#This Row],[Column2]]-Table2[[#This Row],[Price]] -> 0 | P46: =Table2[[#This Row],[Price]]/Table2[[#This Row],[Total Area (Sq.ft)]] -> 5531.6115 | Q46: =Table2[[#This Row],[Price]]/Table2[[#This Row],[Sellable Area (Sq. ft)]] -> 7850
A47: =IF(Table2[[#This Row],[Unit ]]="","","2 Bedroom") -> 2 Bedroom | B47: Available | C47: 2503 | D47: 25th | E47: =IF(Table2[[#This Row],[Unit ]]="","",_xlfn.XLOOKUP(Table2[[#This Row],[Type]],'Muraba Veil Sale Summary'!A:A,'Muraba Veil Sale Summary'!P:P)) -> 2 | F47: =IF(Table2[[#This Row],[Unit ]]="","",_xlfn.XLOOKUP(Table2[[#This Row],[Type]],'Muraba Veil Sale Summary'!$A:$A,'Muraba Veil Sale Summary'!F:F)) -> 2218.7649 | G47: =IF(Table2[[#This Row],[Unit ]]="","",_xlfn.XLOOKUP(Table2[[#This Row],[Type]],'Muraba Veil Sale Summary'!$A:$A,'Muraba Veil Sale Summary'!G:G)) -> 1619.3227 | H47: =IFERROR(F47+G47,0) -> 3838.0875 | I47: ='Launches Residences'!$U$7 -> 0.3 | J47: =IF(Table2[[#This Row],[Unit ]]="","",F47+(G47*Table2[[#This Row],[Terrace Area]])) -> 2704.5617 | K47: =_xlfn.XLOOKUP(Table2[[#This Row],[Unit ]],'Launches Residences'!$F$15:$F$71,'Launches Residences'!$J$15:$J$71) -> 7850 | L47: =IFERROR(J47*K47,0) -> 21230809 | M47: =Table2[[#This Row],[Price/Sq.ft]] -> 7850 | N47: =VLOOKUP(Table2[[#This Row],[Unit ]],'[1]Muraba Unit Wise Details '!$C$4:$L$67,10,FALSE) -> 21230809 | O47: =Table2[[#This Row],[Column2]]-Table2[[#This Row],[Price]] -> 0 | P47: =Table2[[#This Row],[Price]]/Table2[[#This Row],[Total Area (Sq.ft)]] -> 5531.6115 | Q47: =Table2[[#This Row],[Price]]/Table2[[#This Row],[Sellable Area (Sq. ft)]] -> 7850
A48: =IF(Table2[[#This Row],[Unit ]]="","","2 Bedroom") -> 2 Bedroom | B48: Available | C48: 2602 | D48: 26th | E48: =IF(Table2[[#This Row],[Unit ]]="","",_xlfn.XLOOKUP(Table2[[#This Row],[Type]],'Muraba Veil Sale Summary'!A:A,'Muraba Veil Sale Summary'!P:P)) -> 2 | F48: =IF(Table2[[#This Row],[Unit ]]="","",_xlfn.XLOOKUP(Table2[[#This Row],[Type]],'Muraba Veil Sale Summary'!$A:$A,'Muraba Veil Sale Summary'!F:F)) -> 2218.7649 | G48: =IF(Table2[[#This Row],[Unit ]]="","",_xlfn.XLOOKUP(Table2[[#This Row],[Type]],'Muraba Veil Sale Summary'!$A:$A,'Muraba Veil Sale Summary'!G:G)) -> 1619.3227 | H48: =IFERROR(F48+G48,0) -> 3838.0875 | I48: ='Launches Residences'!$U$7 -> 0.3 | J48: =IF(Table2[[#This Row],[Unit ]]="","",F48+(G48*Table2[[#This Row],[Terrace Area]])) -> 2704.5617 | K48: =_xlfn.XLOOKUP(Table2[[#This Row],[Unit ]],'Launches Residences'!$E$15:$E$71,'Launches Residences'!$I$15:$I$71) -> 8000 | L48: =IFERROR(J48*K48,0) -> 21636493 | M48: =Table2[[#This Row],[Price/Sq.ft]] -> 8000 | N48: =VLOOKUP(Table2[[#This Row],[Unit ]],'[1]Muraba Unit Wise Details '!$C$4:$L$67,10,FALSE) -> 21636493 | O48: =Table2[[#This Row],[Column2]]-Table2[[#This Row],[Price]] -> 0 | P48: =Table2[[#This Row],[Price]]/Table2[[#This Row],[Total Area (Sq.ft)]] -> 5637.311 | Q48: =Table2[[#This Row],[Price]]/Table2[[#This Row],[Sellable Area (Sq. ft)]] -> 8000
A49: =IF(Table2[[#This Row],[Unit ]]="","","2 Bedroom") -> 2 Bedroom | B49: Available | C49: 2603 | D49: 26th | E49: =IF(Table2[[#This Row],[Unit ]]="","",_xlfn.XLOOKUP(Table2[[#This Row],[Type]],'Muraba Veil Sale Summary'!A:A,'Muraba Veil Sale Summary'!P:P)) -> 2 | F49: =IF(Table2[[#This Row],[Unit ]]="","",_xlfn.XLOOKUP(Table2[[#This Row],[Type]],'Muraba Veil Sale Summary'!$A:$A,'Muraba Veil Sale Summary'!F:F)) -> 2218.7649 | G49: =IF(Table2[[#This Row],[Unit ]]="","",_xlfn.XLOOKUP(Table2[[#This Row],[Type]],'Muraba Veil Sale Summary'!$A:$A,'Muraba Veil Sale Summary'!G:G)) -> 1619.3227 | H49: =IFERROR(F49+G49,0) -> 3838.0875 | I49: ='Launches Residences'!$U$7 -> 0.3 | J49: =IF(Table2[[#This Row],[Unit ]]="","",F49+(G49*Table2[[#This Row],[Terrace Area]])) -> 2704.5617 | K49: =_xlfn.XLOOKUP(Table2[[#This Row],[Unit ]],'Launches Residences'!$F$15:$F$71,'Launches Residences'!$J$15:$J$71) -> 8000 | L49: =IFERROR(J49*K49,0) -> 21636493 | M49: =Table2[[#This Row],[Price/Sq.ft]] -> 8000 | N49: =VLOOKUP(Table2[[#This Row],[Unit ]],'[1]Muraba Unit Wise Details '!$C$4:$L$67,10,FALSE) -> 21636493 | O49: =Table2[[#This Row],[Column2]]-Table2[[#This Row],[Price]] -> 0 | P49: =Table2[[#This Row],[Price]]/Table2[[#This Row],[Total Area (Sq.ft)]] -> 5637.311 | Q49: =Table2[[#This Row],[Price]]/Table2[[#This Row],[Sellable Area (Sq. ft)]] -> 8000
A50: =IF(Table2[[#This Row],[Unit ]]="","","2 Bedroom") -> 2 Bedroom | B50: Bank Locked | C50: 2702 | D50: 27th | E50: =IF(Table2[[#This Row],[Unit ]]="","",_xlfn.XLOOKUP(Table2[[#This Row],[Type]],'Muraba Veil Sale Summary'!A:A,'Muraba Veil Sale Summary'!P:P)) -> 2 | F50: =IF(Table2[[#This Row],[Unit ]]="","",_xlfn.XLOOKUP(Table2[[#This Row],[Type]],'Muraba Veil Sale Summary'!$A:$A,'Muraba Veil Sale Summary'!F:F)) -> 2218.7649 | G50: =IF(Table2[[#This Row],[Unit ]]="","",_xlfn.XLOOKUP(Table2[[#This Row],[Type]],'Muraba Veil Sale Summary'!$A:$A,'Muraba Veil Sale Summary'!G:G)) -> 1619.3227 | H50: =IFERROR(F50+G50,0) -> 3838.0875 | I50: ='Launches Residences'!$U$7 -> 0.3 | J50: =IF(Table2[[#This Row],[Unit ]]="","",F50+(G50*Table2[[#This Row],[Terrace Area]])) -> 2704.5617 | K50: =_xlfn.XLOOKUP(Table2[[#This Row],[Unit ]],'Launches Residences'!$E$15:$E$71,'Launches Residences'!$I$15:$I$71) -> 8150 | L50: =IFERROR(J50*K50,0) -> 22042177 | M50: =Table2[[#This Row],[Price/Sq.ft]] -> 8150 | N50: =VLOOKUP(Table2[[#This Row],[Unit ]],'[1]Muraba Unit Wise Details '!$C$4:$L$67,10,FALSE) -> 22042177 | O50: =Table2[[#This Row],[Column2]]-Table2[[#This Row],[Price]] -> 0 | P50: =Table2[[#This Row],[Price]]/Table2[[#This Row],[Total Area (Sq.ft)]] -> 5743.0106 | Q50: =Table2[[#This Row],[Price]]/Table2[[#This Row],[Sellable Area (Sq. ft)]] -> 8150
A51: =IF(Table2[[#This Row],[Unit ]]="","","2 Bedroom") -> 2 Bedroom | B51: Bank Locked | C51: 2703 | D51: 27th | E51: =IF(Table2[[#This Row],[Unit ]]="","",_xlfn.XLOOKUP(Table2[[#This Row],[Type]],'Muraba Veil Sale Summary'!A:A,'Muraba Veil Sale Summary'!P:P)) -> 2 | F51: =IF(Table2[[#This Row],[Unit ]]="","",_xlfn.XLOOKUP(Table2[[#This Row],[Type]],'Muraba Veil Sale Summary'!$A:$A,'Muraba Veil Sale Summary'!F:F)) -> 2218.7649 | G51: =IF(Table2[[#This Row],[Unit ]]="","",_xlfn.XLOOKUP(Table2[[#This Row],[Type]],'Muraba Veil Sale Summary'!$A:$A,'Muraba Veil Sale Summary'!G:G)) -> 1619.3227 | H51: =IFERROR(F51+G51,0) -> 3838.0875 | I51: ='Launches Residences'!$U$7 -> 0.3 | J51: =IF(Table2[[#This Row],[Unit ]]="","",F51+(G51*Table2[[#This Row],[Terrace Area]])) -> 2704.5617 | K51: =_xlfn.XLOOKUP(Table2[[#This Row],[Unit ]],'Launches Residences'!$F$15:$F$71,'Launches Residences'!$J$15:$J$71) -> 8150 | L51: =IFERROR(J51*K51,0) -> 22042177 | M51: =Table2[[#This Row],[Price/Sq.ft]] -> 8150 | N51: =VLOOKUP(Table2[[#This Row],[Unit ]],'[1]Muraba Unit Wise Details '!$C$4:$L$67,10,FALSE) -> 22042177 | O51: =Table2[[#This Row],[Column2]]-Table2[[#This Row],[Price]] -> 0 | P51: =Table2[[#This Row],[Price]]/Table2[[#This Row],[Total Area (Sq.ft)]] -> 5743.0106 | Q51: =Table2[[#This Row],[Price]]/Table2[[#This Row],[Sellable Area (Sq. ft)]] -> 8150
A52: =IF(Table2[[#This Row],[Unit ]]="","","2 Bedroom") -> 2 Bedroom | B52: Sold | C52: 2802 | D52: 28th | E52: =IF(Table2[[#This Row],[Unit ]]="","",_xlfn.XLOOKUP(Table2[[#This Row],[Type]],'Muraba Veil Sale Summary'!A:A,'Muraba Veil Sale Summary'!P:P)) -> 2 | F52: =IF(Table2[[#This Row],[Unit ]]="","",_xlfn.XLOOKUP(Table2[[#This Row],[Type]],'Muraba Veil Sale Summary'!$A:$A,'Muraba Veil Sale Summary'!F:F)) -> 2218.7649 | G52: =IF(Table2[[#This Row],[Unit ]]="","",_xlfn.XLOOKUP(Table2[[#This Row],[Type]],'Muraba Veil Sale Summary'!$A:$A,'Muraba Veil Sale Summary'!G:G)) -> 1619.3227 | H52: =IFERROR(F52+G52,0) -> 3838.0875 | I52: ='Launches Residences'!$U$7 -> 0.3 | J52: =IF(Table2[[#This Row],[Unit ]]="","",F52+(G52*Table2[[#This Row],[Terrace Area]])) -> 2704.5617 | K52: =_xlfn.XLOOKUP(Table2[[#This Row],[Unit ]],'Launches Residences'!$E$15:$E$71,'Launches Residences'!$I$15:$I$71) -> 7600 | L52: 20554669 | M52: =Table2[[#This Row],[Price/Sq.ft]] -> 7600 | N52: =VLOOKUP(Table2[[#This Row],[Unit ]],'[1]Muraba Unit Wise Details '!$C$4:$L$67,10,FALSE) -> 20554669 | O52: =Table2[[#This Row],[Column2]]-Table2[[#This Row],[Price]] -> 0 | P52: =Table2[[#This Row],[Price]]/Table2[[#This Row],[Total Area (Sq.ft)]] -> 5355.4455 | Q52: =Table2[[#This Row],[Price]]/Table2[[#This Row],[Sellable Area (Sq. ft)]] -> 7600
A53: =IF(Table2[[#This Row],[Unit ]]="","","2 Bedroom") -> 2 Bedroom | B53: Available | C53: 2803 | D53: 28th | E53: =IF(Table2[[#This Row],[Unit ]]="","",_xlfn.XLOOKUP(Table2[[#This Row],[Type]],'Muraba Veil Sale Summary'!A:A,'Muraba Veil Sale Summary'!P:P)) -> 2 | F53: =IF(Table2[[#This Row],[Unit ]]="","",_xlfn.XLOOKUP(Table2[[#This Row],[Type]],'Muraba Veil Sale Summary'!$A:$A,'Muraba Veil Sale Summary'!F:F)) -> 2218.7649 | G53: =IF(Table2[[#This Row],[Unit ]]="","",_xlfn.XLOOKUP(Table2[[#This Row],[Type]],'Muraba Veil Sale Summary'!$A:$A,'Muraba Veil Sale Summary'!G:G)) -> 1619.3227 | H53: =IFERROR(F53+G53,0) -> 3838.0875 | I53: ='Launches Residences'!$U$7 -> 0.3 | J53: =IF(Table2[[#This Row],[Unit ]]="","",F53+(G53*Table2[[#This Row],[Terrace Area]])) -> 2704.5617 | K53: =_xlfn.XLOOKUP(Table2[[#This Row],[Unit ]],'Launches Residences'!$F$15:$F$71,'Launches Residences'!$J$15:$J$71) -> 7600 | L53: =IFERROR(J53*K53,0) -> 20554669 | M53: =Table2[[#This Row],[Price/Sq.ft]] -> 7600 | N53: =VLOOKUP(Table2[[#This Row],[Unit ]],'[1]Muraba Unit Wise Details '!$C$4:$L$67,10,FALSE) -> 22447862 | O53: =Table2[[#This Row],[Column2]]-Table2[[#This Row],[Price]] -> 1893193.2 | P53: =Table2[[#This Row],[Price]]/Table2[[#This Row],[Total Area (Sq.ft)]] -> 5355.4455 | Q53: =Table2[[#This Row],[Price]]/Table2[[#This Row],[Sellable Area (Sq. ft)]] -> 7600
A54: =IF(Table2[[#This Row],[Unit ]]="","","2 Bedroom") -> 2 Bedroom | B54: Bank Locked | C54: 2902 | D54: 29th | E54: =IF(Table2[[#This Row],[Unit ]]="","",_xlfn.XLOOKUP(Table2[[#This Row],[Type]],'Muraba Veil Sale Summary'!A:A,'Muraba Veil Sale Summary'!P:P)) -> 2 | F54: =IF(Table2[[#This Row],[Unit ]]="","",_xlfn.XLOOKUP(Table2[[#This Row],[Type]],'Muraba Veil Sale Summary'!$A:$A,'Muraba Veil Sale Summary'!F:F)) -> 2218.7649 | G54: =IF(Table2[[#This Row],[Unit ]]="","",_xlfn.XLOOKUP(Table2[[#This Row],[Type]],'Muraba Veil Sale Summary'!$A:$A,'Muraba Veil Sale Summary'!G:G)) -> 1619.3227 | H54: =IFERROR(F54+G54,0) -> 3838.0875 | I54: ='Launches Residences'!$U$7 -> 0.3 | J54: =IF(Table2[[#This Row],[Unit ]]="","",F54+(G54*Table2[[#This Row],[Terrace Area]])) -> 2704.5617 | K54: =_xlfn.XLOOKUP(Table2[[#This Row],[Unit ]],'Launches Residences'!$E$15:$E$71,'Launches Residences'!$I$15:$I$71) -> 8450 | L54: =IFERROR(J54*K54,0) -> 22853546 | M54: =Table2[[#This Row],[Price/Sq.ft]] -> 8450 | N54: =VLOOKUP(Table2[[#This Row],[Unit ]],'[1]Muraba Unit Wise Details '!$C$4:$L$67,10,FALSE) -> 22853546 | O54: =Table2[[#This Row],[Column2]]-Table2[[#This Row],[Price]] -> 0 | P54: =Table2[[#This Row],[Price]]/Table2[[#This Row],[Total Area (Sq.ft)]] -> 5954.4098 | Q54: =Table2[[#This Row],[Price]]/Table2[[#This Row],[Sellable Area (Sq. ft)]] -> 8450
A55: =IF(Table2[[#This Row],[Unit ]]="","","2 Bedroom") -> 2 Bedroom | B55: Bank Locked | C55: 2903 | D55: 29th | E55: =IF(Table2[[#This Row],[Unit ]]="","",_xlfn.XLOOKUP(Table2[[#This Row],[Type]],'Muraba Veil Sale Summary'!A:A,'Muraba Veil Sale Summary'!P:P)) -> 2 | F55: =IF(Table2[[#This Row],[Unit ]]="","",_xlfn.XLOOKUP(Table2[[#This Row],[Type]],'Muraba Veil Sale Summary'!$A:$A,'Muraba Veil Sale Summary'!F:F)) -> 2218.7649 | G55: =IF(Table2[[#This Row],[Unit ]]="","",_xlfn.XLOOKUP(Table2[[#This Row],[Type]],'Muraba Veil Sale Summary'!$A:$A,'Muraba Veil Sale Summary'!G:G)) -> 1619.3227 | H55: =IFERROR(F55+G55,0) -> 3838.0875 | I55: ='Launches Residences'!$U$7 -> 0.3 | J55: =IF(Table2[[#This Row],[Unit ]]="","",F55+(G55*Table2[[#This Row],[Terrace Area]])) -> 2704.5617 | K55: =_xlfn.XLOOKUP(Table2[[#This Row],[Unit ]],'Launches Residences'!$F$15:$F$71,'Launches Residences'!$J$15:$J$71) -> 8450 | L55: =IFERROR(J55*K55,0) -> 22853546 | M55: =Table2[[#This Row],[Price/Sq.ft]] -> 8450 | N55: =VLOOKUP(Table2[[#This Row],[Unit ]],'[1]Muraba Unit Wise Details '!$C$4:$L$67,10,FALSE) -> 22853546 | O55: =Table2[[#This Row],[Column2]]-Table2[[#This Row],[Price]] -> 0 | P55: =Table2[[#This Row],[Price]]/Table2[[#This Row],[Total Area (Sq.ft)]] -> 5954.4098 | Q55: =Table2[[#This Row],[Price]]/Table2[[#This Row],[Sellable Area (Sq. ft)]] -> 8450
A56: =IF(Table2[[#This Row],[Unit ]]="","","2 Bedroom") -> 2 Bedroom | B56: Available | C56: 3002 | D56: 30th | E56: =IF(Table2[[#This Row],[Unit ]]="","",_xlfn.XLOOKUP(Table2[[#This Row],[Type]],'Muraba Veil Sale Summary'!A:A,'Muraba Veil Sale Summary'!P:P)) -> 2 | F56: =IF(Table2[[#This Row],[Unit ]]="","",_xlfn.XLOOKUP(Table2[[#This Row],[Type]],'Muraba Veil Sale Summary'!$A:$A,'Muraba Veil Sale Summary'!F:F)) -> 2218.7649 | G56: =IF(Table2[[#This Row],[Unit ]]="","",_xlfn.XLOOKUP(Table2[[#This Row],[Type]],'Muraba Veil Sale Summary'!$A:$A,'Muraba Veil Sale Summary'!G:G)) -> 1619.3227 | H56: =IFERROR(F56+G56,0) -> 3838.0875 | I56: ='Launches Residences'!$U$7 -> 0.3 | J56: =IF(Table2[[#This Row],[Unit ]]="","",F56+(G56*Table2[[#This Row],[Terrace Area]])) -> 2704.5617 | K56: =_xlfn.XLOOKUP(Table2[[#This Row],[Unit ]],'Launches Residences'!$E$15:$E$71,'Launches Residences'!$I$15:$I$71) -> 8600 | L56: =IFERROR(J56*K56,0) -> 23259230 | M56: =Table2[[#This Row],[Price/Sq.ft]] -> 8600 | N56: =VLOOKUP(Table2[[#This Row],[Unit ]],'[1]Muraba Unit Wise Details '!$C$4:$L$67,10,FALSE) -> 23259230 | O56: =Table2[[#This Row],[Column2]]-Table2[[#This Row],[Price]] -> 0 | P56: =Table2[[#This Row],[Price]]/Table2[[#This Row],[Total Area (Sq.ft)]] -> 6060.1094 | Q56: =Table2[[#This Row],[Price]]/Table2[[#This Row],[Sellable Area (Sq. ft)]] -> 8600
A57: =IF(Table2[[#This Row],[Unit ]]="","","2 Bedroom") -> 2 Bedroom | B57: Sold | C57: 3003 | D57: 30th | E57: =IF(Table2[[#This Row],[Unit ]]="","",_xlfn.XLOOKUP(Table2[[#This Row],[Type]],'Muraba Veil Sale Summary'!A:A,'Muraba Veil Sale Summary'!P:P)) -> 2 | F57: =IF(Table2[[#This Row],[Unit ]]="","",_xlfn.XLOOKUP(Table2[[#This Row],[Type]],'Muraba Veil Sale Summary'!$A:$A,'Muraba Veil Sale Summary'!F:F)) -> 2218.7649 | G57: =IF(Table2[[#This Row],[Unit ]]="","",_xlfn.XLOOKUP(Table2[[#This Row],[Type]],'Muraba Veil Sale Summary'!$A:$A,'Muraba Veil Sale Summary'!G:G)) -> 1619.3227 | H57: =IFERROR(F57+G57,0) -> 3838.0875 | I57: ='Launches Residences'!$U$7 -> 0.3 | J57: =IF(Table2[[#This Row],[Unit ]]="","",F57+(G57*Table2[[#This Row],[Terrace Area]])) -> 2704.5617 | K57: =_xlfn.XLOOKUP(Table2[[#This Row],[Unit ]],'Launches Residences'!$F$15:$F$71,'Launches Residences'!$J$15:$J$71) -> 8600 | L57: =J57*K57 -> 23259230 | M57: =Table2[[#This Row],[Price/Sq.ft]] -> 8600 | N57: =VLOOKUP(Table2[[#This Row],[Unit ]],'[1]Muraba Unit Wise Details '!$C$4:$L$67,10,FALSE) -> 23259230 | O57: =Table2[[#This Row],[Column2]]-Table2[[#This Row],[Price]] -> 0 | P57: =Table2[[#This Row],[Price]]/Table2[[#This Row],[Total Area (Sq.ft)]] -> 6060.1094 | Q57: =Table2[[#This Row],[Price]]/Table2[[#This Row],[Sellable Area (Sq. ft)]] -> 8600
A58: =IF(Table2[[#This Row],[Unit ]]="","","2 Bedroom") -> 2 Bedroom | B58: Available | C58: ='Launches Residences'!E42 -> 3302 | D58: =LEFT(Table2[[#This Row],[Unit ]],2) -> 33 | E58: =IF(Table2[[#This Row],[Unit ]]="","",_xlfn.XLOOKUP(Table2[[#This Row],[Type]],'Muraba Veil Sale Summary'!A:A,'Muraba Veil Sale Summary'!P:P)) -> 2 | F58: =IF(Table2[[#This Row],[Unit ]]="","",_xlfn.XLOOKUP(Table2[[#This Row],[Type]],'Muraba Veil Sale Summary'!$A:$A,'Muraba Veil Sale Summary'!F:F)) -> 2218.7649 | G58: =IF(Table2[[#This Row],[Unit ]]="","",_xlfn.XLOOKUP(Table2[[#This Row],[Type]],'Muraba Veil Sale Summary'!$A:$A,'Muraba Veil Sale Summary'!G:G)) -> 1619.3227 | H58: =IFERROR(F58+G58,0) -> 3838.0875 | I58: ='Launches Residences'!$U$7 -> 0.3 | J58: =IF(Table2[[#This Row],[Unit ]]="","",F58+(G58*Table2[[#This Row],[Terrace Area]])) -> 2704.5617 | K58: =_xlfn.XLOOKUP(Table2[[#This Row],[Unit ]],'Launches Residences'!$E$15:$E$71,'Launches Residences'!$I$15:$I$71) -> 8750 | L58: =IFERROR(J58*K58,0) -> 23664914 | M58: =Table2[[#This Row],[Price/Sq.ft]] -> 8750 | N58: =VLOOKUP(Table2[[#This Row],[Unit ]],'[1]Muraba Unit Wise Details '!$C$4:$L$67,10,FALSE) -> 24476283 | O58: =Table2[[#This Row],[Column2]]-Table2[[#This Row],[Price]] -> 811368.5 | P58: =Table2[[#This Row],[Price]]/Table2[[#This Row],[Total Area (Sq.ft)]] -> 6165.809 | Q58: =Table2[[#This Row],[Price]]/Table2[[#This Row],[Sellable Area (Sq. ft)]] -> 8750
A59: =IF(Table2[[#This Row],[Unit ]]="","","2 Bedroom") -> 2 Bedroom | B59: Available | C59: ='Launches Residences'!F42 -> 3303 | D59: =LEFT(Table2[[#This Row],[Unit ]],2) -> 33 | E59: =IF(Table2[[#This Row],[Unit ]]="","",_xlfn.XLOOKUP(Table2[[#This Row],[Type]],'Muraba Veil Sale Summary'!A:A,'Muraba Veil Sale Summary'!P:P)) -> 2 | F59: =IF(Table2[[#This Row],[Unit ]]="","",_xlfn.XLOOKUP(Table2[[#This Row],[Type]],'Muraba Veil Sale Summary'!$A:$A,'Muraba Veil Sale Summary'!F:F)) -> 2218.7649 | G59: =IF(Table2[[#This Row],[Unit ]]="","",_xlfn.XLOOKUP(Table2[[#This Row],[Type]],'Muraba Veil Sale Summary'!$A:$A,'Muraba Veil Sale Summary'!G:G)) -> 1619.3227 | H59: =IFERROR(F59+G59,0) -> 3838.0875 | I59: ='Launches Residences'!$U$7 -> 0.3 | J59: =IF(Table2[[#This Row],[Unit ]]="","",F59+(G59*Table2[[#This Row],[Terrace Area]])) -> 2704.5617 | K59: =_xlfn.XLOOKUP(Table2[[#This Row],[Unit ]],'Launches Residences'!$F$15:$F$71,'Launches Residences'!$J$15:$J$71) -> 8750 | L59: =IFERROR(J59*K59,0) -> 23664914 | M59: =Table2[[#This Row],[Price/Sq.ft]] -> 8750 | N59: =VLOOKUP(Table2[[#This Row],[Unit ]],'[1]Muraba Unit Wise Details '!$C$4:$L$67,10,FALSE) -> 24476283 | O59: =Table2[[#This Row],[Column2]]-Table2[[#This Row],[Price]] -> 811368.5 | P59: =Table2[[#This Row],[Price]]/Table2[[#This Row],[Total Area (Sq.ft)]] -> 6165.809 | Q59: =Table2[[#This Row],[Price]]/Table2[[#This Row],[Sellable Area (Sq. ft)]] -> 8750
A60: =IF(Table2[[#This Row],[Unit ]]="","","2 Bedroom") -> 2 Bedroom | B60: Available | C60: ='Launches Residences'!E43 -> 3402 | D60: =LEFT(Table2[[#This Row],[Unit ]],2) -> 34 | E60: =IF(Table2[[#This Row],[Unit ]]="","",_xlfn.XLOOKUP(Table2[[#This Row],[Type]],'Muraba Veil Sale Summary'!A:A,'Muraba Veil Sale Summary'!P:P)) -> 2 | F60: =IF(Table2[[#This Row],[Unit ]]="","",_xlfn.XLOOKUP(Table2[[#This Row],[Type]],'Muraba Veil Sale Summary'!$A:$A,'Muraba Veil Sale Summary'!F:F)) -> 2218.7649 | G60: =IF(Table2[[#This Row],[Unit ]]="","",_xlfn.XLOOKUP(Table2[[#This Row],[Type]],'Muraba Veil Sale Summary'!$A:$A,'Muraba Veil Sale Summary'!G:G)) -> 1619.3227 | H60: =IFERROR(F60+G60,0) -> 3838.0875 | I60: ='Launches Residences'!$U$7 -> 0.3 | J60: =IF(Table2[[#This Row],[Unit ]]="","",F60+(G60*Table2[[#This Row],[Terrace Area]])) -> 2704.5617 | K60: =_xlfn.XLOOKUP(Table2[[#This Row],[Unit ]],'Launches Residences'!$E$15:$E$71,'Launches Residences'!$I$15:$I$71) -> 8900 | L60: =IFERROR(J60*K60,0) -> 24070599 | M60: =Table2[[#This Row],[Price/Sq.ft]] -> 8900 | N60: =VLOOKUP(Table2[[#This Row],[Unit ]],'[1]Muraba Unit Wise Details '!$C$4:$L$67,10,FALSE) -> 24881967 | O60: =Table2[[#This Row],[Column2]]-Table2[[#This Row],[Price]] -> 811368.5 | P60: =Table2[[#This Row],[Price]]/Table2[[#This Row],[Total Area (Sq.ft)]] -> 6271.5085 | Q60: =Table2[[#This Row],[Price]]/Table2[[#This Row],[Sellable Area (Sq. ft)]] -> 8900
A61: =IF(Table2[[#This Row],[Unit ]]="","","2 Bedroom") -> 2 Bedroom | B61: Available | C61: ='Launches Residences'!F43 -> 3403 | D61: =LEFT(Table2[[#This Row],[Unit ]],2) -> 34 | E61: =IF(Table2[[#This Row],[Unit ]]="","",_xlfn.XLOOKUP(Table2[[#This Row],[Type]],'Muraba Veil Sale Summary'!A:A,'Muraba Veil Sale Summary'!P:P)) -> 2 | F61: =IF(Table2[[#This Row],[Unit ]]="","",_xlfn.XLOOKUP(Table2[[#This Row],[Type]],'Muraba Veil Sale Summary'!$A:$A,'Muraba Veil Sale Summary'!F:F)) -> 2218.7649 | G61: =IF(Table2[[#This Row],[Unit ]]="","",_xlfn.XLOOKUP(Table2[[#This Row],[Type]],'Muraba Veil Sale Summary'!$A:$A,'Muraba Veil Sale Summary'!G:G)) -> 1619.3227 | H61: =IFERROR(F61+G61,0) -> 3838.0875 | I61: ='Launches Residences'!$U$7 -> 0.3 | J61: =IF(Table2[[#This Row],[Unit ]]="","",F61+(G61*Table2[[#This Row],[Terrace Area]])) -> 2704.5617 | K61: =_xlfn.XLOOKUP(Table2[[#This Row],[Unit ]],'Launches Residences'!$F$15:$F$71,'Launches Residences'!$J$15:$J$71) -> 8900 | L61: =IFERROR(J61*K61,0) -> 24070599 | M61: =Table2[[#This Row],[Price/Sq.ft]] -> 8900 | N61: =VLOOKUP(Table2[[#This Row],[Unit ]],'[1]Muraba Unit Wise Details '!$C$4:$L$67,10,FALSE) -> 24881967 | O61: =Table2[[#This Row],[Column2]]-Table2[[#This Row],[Price]] -> 811368.5 | P61: =Table2[[#This Row],[Price]]/Table2[[#This Row],[Total Area (Sq.ft)]] -> 6271.5085 | Q61: =Table2[[#This Row],[Price]]/Table2[[#This Row],[Sellable Area (Sq. ft)]] -> 8900
A62: =IF(Table2[[#This Row],[Unit ]]="","","2 Bedroom") -> 2 Bedroom | B62: Available | C62: ='Launches Residences'!E44 -> 3502 | D62: =LEFT(Table2[[#This Row],[Unit ]],2) -> 35 | E62: =IF(Table2[[#This Row],[Unit ]]="","",_xlfn.XLOOKUP(Table2[[#This Row],[Type]],'Muraba Veil Sale Summary'!A:A,'Muraba Veil Sale Summary'!P:P)) -> 2 | F62: =IF(Table2[[#This Row],[Unit ]]="","",_xlfn.XLOOKUP(Table2[[#This Row],[Type]],'Muraba Veil Sale Summary'!$A:$A,'Muraba Veil Sale Summary'!F:F)) -> 2218.7649 | G62: =IF(Table2[[#This Row],[Unit ]]="","",_xlfn.XLOOKUP(Table2[[#This Row],[Type]],'Muraba Veil Sale Summary'!$A:$A,'Muraba Veil Sale Summary'!G:G)) -> 1619.3227 | H62: =IFERROR(F62+G62,0) -> 3838.0875 | I62: ='Launches Residences'!$U$7 -> 0.3 | J62: =IF(Table2[[#This Row],[Unit ]]="","",F62+(G62*Table2[[#This Row],[Terrace Area]])) -> 2704.5617 | K62: =_xlfn.XLOOKUP(Table2[[#This Row],[Unit ]],'Launches Residences'!$E$15:$E$71,'Launches Residences'!$I$15:$I$71) -> 9050 | L62: =IFERROR(J62*K62,0) -> 24476283 | M62: =Table2[[#This Row],[Price/Sq.ft]] -> 9050 | N62: =VLOOKUP(Table2[[#This Row],[Unit ]],'[1]Muraba Unit Wise Details '!$C$4:$L$67,10,FALSE) -> 25287651 | O62: =Table2[[#This Row],[Column2]]-Table2[[#This Row],[Price]] -> 811368.5 | P62: =Table2[[#This Row],[Price]]/Table2[[#This Row],[Total Area (Sq.ft)]] -> 6377.2081 | Q62: =Table2[[#This Row],[Price]]/Table2[[#This Row],[Sellable Area (Sq. ft)]] -> 9050
A63: =IF(Table2[[#This Row],[Unit ]]="","","2 Bedroom") -> 2 Bedroom | B63: Available | C63: ='Launches Residences'!F44 -> 3503 | D63: =LEFT(Table2[[#This Row],[Unit ]],2) -> 35 | E63: =IF(Table2[[#This Row],[Unit ]]="","",_xlfn.XLOOKUP(Table2[[#This Row],[Type]],'Muraba Veil Sale Summary'!A:A,'Muraba Veil Sale Summary'!P:P)) -> 2 | F63: =IF(Table2[[#This Row],[Unit ]]="","",_xlfn.XLOOKUP(Table2[[#This Row],[Type]],'Muraba Veil Sale Summary'!$A:$A,'Muraba Veil Sale Summary'!F:F)) -> 2218.7649 | G63: =IF(Table2[[#This Row],[Unit ]]="","",_xlfn.XLOOKUP(Table2[[#This Row],[Type]],'Muraba Veil Sale Summary'!$A:$A,'Muraba Veil Sale Summary'!G:G)) -> 1619.3227 | H63: =IFERROR(F63+G63,0) -> 3838.0875 | I63: ='Launches Residences'!$U$7 -> 0.3 | J63: =IF(Table2[[#This Row],[Unit ]]="","",F63+(G63*Table2[[#This Row],[Terrace Area]])) -> 2704.5617 | K63: =_xlfn.XLOOKUP(Table2[[#This Row],[Unit ]],'Launches Residences'!$F$15:$F$71,'Launches Residences'!$J$15:$J$71) -> 9050 | L63: =IFERROR(J63*K63,0) -> 24476283 | M63: =Table2[[#This Row],[Price/Sq.ft]] -> 9050 | N63: =VLOOKUP(Table2[[#This Row],[Unit ]],'[1]Muraba Unit Wise Details '!$C$4:$L$67,10,FALSE) -> 25287651 | O63: =Table2[[#This Row],[Column2]]-Table2[[#This Row],[Price]] -> 811368.5 | P63: =Table2[[#This Row],[Price]]/Table2[[#This Row],[Total Area (Sq.ft)]] -> 6377.2081 | Q63: =Table2[[#This Row],[Price]]/Table2[[#This Row],[Sellable Area (Sq. ft)]] -> 9050
A64: =IF(Table2[[#This Row],[Unit ]]="","","2 Bedroom") -> 2 Bedroom | B64: Available | C64: ='Launches Residences'!E45 -> 3602 | D64: =LEFT(Table2[[#This Row],[Unit ]],2) -> 36 | E64: =IF(Table2[[#This Row],[Unit ]]="","",_xlfn.XLOOKUP(Table2[[#This Row],[Type]],'Muraba Veil Sale Summary'!A:A,'Muraba Veil Sale Summary'!P:P)) -> 2 | F64: =IF(Table2[[#This Row],[Unit ]]="","",_xlfn.XLOOKUP(Table2[[#This Row],[Type]],'Muraba Veil Sale Summary'!$A:$A,'Muraba Veil Sale Summary'!F:F)) -> 2218.7649 | G64: =IF(Table2[[#This Row],[Unit ]]="","",_xlfn.XLOOKUP(Table2[[#This Row],[Type]],'Muraba Veil Sale Summary'!$A:$A,'Muraba Veil Sale Summary'!G:G)) -> 1619.3227 | H64: =IFERROR(F64+G64,0) -> 3838.0875 | I64: ='Launches Residences'!$U$7 -> 0.3 | J64: =IF(Table2[[#This Row],[Unit ]]="","",F64+(G64*Table2[[#This Row],[Terrace Area]])) -> 2704.5617 | K64: =_xlfn.XLOOKUP(Table2[[#This Row],[Unit ]],'Launches Residences'!$E$15:$E$71,'Launches Residences'!$I$15:$I$71) -> 9200 | L64: =IFERROR(J64*K64,0) -> 24881967 | M64: =Table2[[#This Row],[Price/Sq.ft]] -> 9200 | N64: =VLOOKUP(Table2[[#This Row],[Unit ]],'[1]Muraba Unit Wise Details '!$C$4:$L$67,10,FALSE) -> #N/A | O64: =Table2[[#This Row],[Column2]]-Table2[[#This Row],[Price]] -> #N/A | P64: =Table2[[#This Row],[Price]]/Table2[[#This Row],[Total Area (Sq.ft)]] -> 6482.9077 | Q64: =Table2[[#This Row],[Price]]/Table2[[#This Row],[Sellable Area (Sq. ft)]] -> 9200
A65: =IF(Table2[[#This Row],[Unit ]]="","","2 Bedroom") -> 2 Bedroom | B65: Available | C65: ='Launches Residences'!F45 -> 3603 | D65: =LEFT(Table2[[#This Row],[Unit ]],2) -> 36 | E65: =IF(Table2[[#This Row],[Unit ]]="","",_xlfn.XLOOKUP(Table2[[#This Row],[Type]],'Muraba Veil Sale Summary'!A:A,'Muraba Veil Sale Summary'!P:P)) -> 2 | F65: =IF(Table2[[#This Row],[Unit ]]="","",_xlfn.XLOOKUP(Table2[[#This Row],[Type]],'Muraba Veil Sale Summary'!$A:$A,'Muraba Veil Sale Summary'!F:F)) -> 2218.7649 | G65: =IF(Table2[[#This Row],[Unit ]]="","",_xlfn.XLOOKUP(Table2[[#This Row],[Type]],'Muraba Veil Sale Summary'!$A:$A,'Muraba Veil Sale Summary'!G:G)) -> 1619.3227 | H65: =IFERROR(F65+G65,0) -> 3838.0875 | I65: ='Launches Residences'!$U$7 -> 0.3 | J65: =IF(Table2[[#This Row],[Unit ]]="","",F65+(G65*Table2[[#This Row],[Terrace Area]])) -> 2704.5617 | K65: =_xlfn.XLOOKUP(Table2[[#This Row],[Unit ]],'Launches Residences'!$F$15:$F$71,'Launches Residences'!$J$15:$J$71) -> 9200 | L65: =IFERROR(J65*K65,0) -> 24881967 | M65: =Table2[[#This Row],[Price/Sq.ft]] -> 9200 | N65: =VLOOKUP(Table2[[#This Row],[Unit ]],'[1]Muraba Unit Wise Details '!$C$4:$L$67,10,FALSE) -> #N/A | O65: =Table2[[#This Row],[Column2]]-Table2[[#This Row],[Price]] -> #N/A | P65: =Table2[[#This Row],[Price]]/Table2[[#This Row],[Total Area (Sq.ft)]] -> 6482.9077 | Q65: =Table2[[#This Row],[Price]]/Table2[[#This Row],[Sellable Area (Sq. ft)]] -> 9200
A66: =IF(Table2[[#This Row],[Unit ]]="","","2 Bedroom") -> 2 Bedroom | B66: Available | C66: ='Launches Residences'!E46 -> 3702 | D66: =LEFT(Table2[[#This Row],[Unit ]],2) -> 37 | E66: =IF(Table2[[#This Row],[Unit ]]="","",_xlfn.XLOOKUP(Table2[[#This Row],[Type]],'Muraba Veil Sale Summary'!A:A,'Muraba Veil Sale Summary'!P:P)) -> 2 | F66: =IF(Table2[[#This Row],[Unit ]]="","",_xlfn.XLOOKUP(Table2[[#This Row],[Type]],'Muraba Veil Sale Summary'!$A:$A,'Muraba Veil Sale Summary'!F:F)) -> 2218.7649 | G66: =IF(Table2[[#This Row],[Unit ]]="","",_xlfn.XLOOKUP(Table2[[#This Row],[Type]],'Muraba Veil Sale Summary'!$A:$A,'Muraba Veil Sale Summary'!G:G)) -> 1619.3227 | H66: =IFERROR(F66+G66,0) -> 3838.0875 | I66: ='Launches Residences'!$U$7 -> 0.3 | J66: =IF(Table2[[#This Row],[Unit ]]="","",F66+(G66*Table2[[#This Row],[Terrace Area]])) -> 2704.5617 | K66: =_xlfn.XLOOKUP(Table2[[#This Row],[Unit ]],'Launches Residences'!$E$15:$E$71,'Launches Residences'!$I$15:$I$71) -> 9350 | L66: =IFERROR(J66*K66,0) -> 25287651 | M66: =Table2[[#This Row],[Price/Sq.ft]] -> 9350 | N66: =VLOOKUP(Table2[[#This Row],[Unit ]],'[1]Muraba Unit Wise Details '!$C$4:$L$67,10,FALSE) -> #N/A | O66: =Table2[[#This Row],[Column2]]-Table2[[#This Row],[Price]] -> #N/A | P66: =Table2[[#This Row],[Price]]/Table2[[#This Row],[Total Area (Sq.ft)]] -> 6588.6073 | Q66: =Table2[[#This Row],[Price]]/Table2[[#This Row],[Sellable Area (Sq. ft)]] -> 9350
A67: =IF(Table2[[#This Row],[Unit ]]="","","2 Bedroom") -> 2 Bedroom | B67: Available | C67: ='Launches Residences'!F46 -> 3703 | D67: =LEFT(Table2[[#This Row],[Unit ]],2) -> 37 | E67: =IF(Table2[[#This Row],[Unit ]]="","",_xlfn.XLOOKUP(Table2[[#This Row],[Type]],'Muraba Veil Sale Summary'!A:A,'Muraba Veil Sale Summary'!P:P)) -> 2 | F67: =IF(Table2[[#This Row],[Unit ]]="","",_xlfn.XLOOKUP(Table2[[#This Row],[Type]],'Muraba Veil Sale Summary'!$A:$A,'Muraba Veil Sale Summary'!F:F)) -> 2218.7649 | G67: =IF(Table2[[#This Row],[Unit ]]="","",_xlfn.XLOOKUP(Table2[[#This Row],[Type]],'Muraba Veil Sale Summary'!$A:$A,'Muraba Veil Sale Summary'!G:G)) -> 1619.3227 | H67: =IFERROR(F67+G67,0) -> 3838.0875 | I67: ='Launches Residences'!$U$7 -> 0.3 | J67: =IF(Table2[[#This Row],[Unit ]]="","",F67+(G67*Table2[[#This Row],[Terrace Area]])) -> 2704.5617 | K67: =_xlfn.XLOOKUP(Table2[[#This Row],[Unit ]],'Launches Residences'!$F$15:$F$71,'Launches Residences'!$J$15:$J$71) -> 9350 | L67: =IFERROR(J67*K67,0) -> 25287651 | M67: =Table2[[#This Row],[Price/Sq.ft]] -> 9350 | N67: =VLOOKUP(Table2[[#This Row],[Unit ]],'[1]Muraba Unit Wise Details '!$C$4:$L$67,10,FALSE) -> #N/A | O67: =Table2[[#This Row],[Column2]]-Table2[[#This Row],[Price]] -> #N/A | P67: =Table2[[#This Row],[Price]]/Table2[[#This Row],[Total Area (Sq.ft)]] -> 6588.6073 | Q67: =Table2[[#This Row],[Price]]/Table2[[#This Row],[Sellable Area (Sq. ft)]] -> 9350
A68: =IF(Table2[[#This Row],[Unit ]]="","","2 Bedroom") -> 2 Bedroom | B68: Available | C68: ='Launches Residences'!E47 -> 3802 | D68: =LEFT(Table2[[#This Row],[Unit ]],2) -> 38 | E68: =IF(Table2[[#This Row],[Unit ]]="","",_xlfn.XLOOKUP(Table2[[#This Row],[Type]],'Muraba Veil Sale Summary'!A:A,'Muraba Veil Sale Summary'!P:P)) -> 2 | F68: =IF(Table2[[#This Row],[Unit ]]="","",_xlfn.XLOOKUP(Table2[[#This Row],[Type]],'Muraba Veil Sale Summary'!$A:$A,'Muraba Veil Sale Summary'!F:F)) -> 2218.7649 | G68: =IF(Table2[[#This Row],[Unit ]]="","",_xlfn.XLOOKUP(Table2[[#This Row],[Type]],'Muraba Veil Sale Summary'!$A:$A,'Muraba Veil Sale Summary'!G:G)) -> 1619.3227 | H68: =IFERROR(F68+G68,0) -> 3838.0875 | I68: ='Launches Residences'!$U$7 -> 0.3 | J68: =IF(Table2[[#This Row],[Unit ]]="","",F68+(G68*Table2[[#This Row],[Terrace Area]])) -> 2704.5617 | K68: =_xlfn.XLOOKUP(Table2[[#This Row],[Unit ]],'Launches Residences'!$E$15:$E$71,'Launches Residences'!$I$15:$I$71) -> 9500 | L68: =IFERROR(J68*K68,0) -> 25693336 | M68: =Table2[[#This Row],[Price/Sq.ft]] -> 9500 | N68: =VLOOKUP(Table2[[#This Row],[Unit ]],'[1]Muraba Unit Wise Details '!$C$4:$L$67,10,FALSE) -> #N/A | O68: =Table2[[#This Row],[Column2]]-Table2[[#This Row],[Price]] -> #N/A | P68: =Table2[[#This Row],[Price]]/Table2[[#This Row],[Total Area (Sq.ft)]] -> 6694.3069 | Q68: =Table2[[#This Row],[Price]]/Table2[[#This Row],[Sellable Area (Sq. ft)]] -> 9500
A69: =IF(Table2[[#This Row],[Unit ]]="","","2 Bedroom") -> 2 Bedroom | B69: Available | C69: ='Launches Residences'!F47 -> 3803 | D69: =LEFT(Table2[[#This Row],[Unit ]],2) -> 38 | E69: =IF(Table2[[#This Row],[Unit ]]="","",_xlfn.XLOOKUP(Table2[[#This Row],[Type]],'Muraba Veil Sale Summary'!A:A,'Muraba Veil Sale Summary'!P:P)) -> 2 | F69: =IF(Table2[[#This Row],[Unit ]]="","",_xlfn.XLOOKUP(Table2[[#This Row],[Type]],'Muraba Veil Sale Summary'!$A:$A,'Muraba Veil Sale Summary'!F:F)) -> 2218.7649 | G69: =IF(Table2[[#This Row],[Unit ]]="","",_xlfn.XLOOKUP(Table2[[#This Row],[Type]],'Muraba Veil Sale Summary'!$A:$A,'Muraba Veil Sale Summary'!G:G)) -> 1619.3227 | H69: =IFERROR(F69+G69,0) -> 3838.0875 | I69: ='Launches Residences'!$U$7 -> 0.3 | J69: =IF(Table2[[#This Row],[Unit ]]="","",F69+(G69*Table2[[#This Row],[Terrace Area]])) -> 2704.5617 | K69: =_xlfn.XLOOKUP(Table2[[#This Row],[Unit ]],'Launches Residences'!$F$15:$F$71,'Launches Residences'!$J$15:$J$71) -> 9500 | L69: =IFERROR(J69*K69,0) -> 25693336 | M69: =Table2[[#This Row],[Price/Sq.ft]] -> 9500 | N69: =VLOOKUP(Table2[[#This Row],[Unit ]],'[1]Muraba Unit Wise Details '!$C$4:$L$67,10,FALSE) -> #N/A | O69: =Table2[[#This Row],[Column2]]-Table2[[#This Row],[Price]] -> #N/A | P69: =Table2[[#This Row],[Price]]/Table2[[#This Row],[Total Area (Sq.ft)]] -> 6694.3069 | Q69: =Table2[[#This Row],[Price]]/Table2[[#This Row],[Sellable Area (Sq. ft)]] -> 9500
A70: =IF(Table2[[#This Row],[Unit ]]="","","2 Bedroom") -> 2 Bedroom | B70: Available | C70: ='Launches Residences'!E48 -> 3902 | D70: =LEFT(Table2[[#This Row],[Unit ]],2) -> 39 | E70: =IF(Table2[[#This Row],[Unit ]]="","",_xlfn.XLOOKUP(Table2[[#This Row],[Type]],'Muraba Veil Sale Summary'!A:A,'Muraba Veil Sale Summary'!P:P)) -> 2 | F70: =IF(Table2[[#This Row],[Unit ]]="","",_xlfn.XLOOKUP(Table2[[#This Row],[Type]],'Muraba Veil Sale Summary'!$A:$A,'Muraba Veil Sale Summary'!F:F)) -> 2218.7649 | G70: =IF(Table2[[#This Row],[Unit ]]="","",_xlfn.XLOOKUP(Table2[[#This Row],[Type]],'Muraba Veil Sale Summary'!$A:$A,'Muraba Veil Sale Summary'!G:G)) -> 1619.3227 | H70: =IFERROR(F70+G70,0) -> 3838.0875 | I70: ='Launches Residences'!$U$7 -> 0.3 | J70: =IF(Table2[[#This Row],[Unit ]]="","",F70+(G70*Table2[[#This Row],[Terrace Area]])) -> 2704.5617 | K70: =_xlfn.XLOOKUP(Table2[[#This Row],[Unit ]],'Launches Residences'!$E$15:$E$71,'Launches Residences'!$I$15:$I$71) -> 9650 | L70: =IFERROR(J70*K70,0) -> 26099020 | M70: =Table2[[#This Row],[Price/Sq.ft]] -> 9650 | N70: =VLOOKUP(Table2[[#This Row],[Unit ]],'[1]Muraba Unit Wise Details '!$C$4:$L$67,10,FALSE) -> #N/A | O70: =Table2[[#This Row],[Column2]]-Table2[[#This Row],[Price]] -> #N/A | P70: =Table2[[#This Row],[Price]]/Table2[[#This Row],[Total Area (Sq.ft)]] -> 6800.0065 | Q70: =Table2[[#This Row],[Price]]/Table2[[#This Row],[Sellable Area (Sq. ft)]] -> 9650
A71: =IF(Table2[[#This Row],[Unit ]]="","","2 Bedroom") -> 2 Bedroom | B71: Available | C71: ='Launches Residences'!F48 -> 3903 | D71: =LEFT(Table2[[#This Row],[Unit ]],2) -> 39 | E71: =IF(Table2[[#This Row],[Unit ]]="","",_xlfn.XLOOKUP(Table2[[#This Row],[Type]],'Muraba Veil Sale Summary'!A:A,'Muraba Veil Sale Summary'!P:P)) -> 2 | F71: =IF(Table2[[#This Row],[Unit ]]="","",_xlfn.XLOOKUP(Table2[[#This Row],[Type]],'Muraba Veil Sale Summary'!$A:$A,'Muraba Veil Sale Summary'!F:F)) -> 2218.7649 | G71: =IF(Table2[[#This Row],[Unit ]]="","",_xlfn.XLOOKUP(Table2[[#This Row],[Type]],'Muraba Veil Sale Summary'!$A:$A,'Muraba Veil Sale Summary'!G:G)) -> 1619.3227 | H71: =IFERROR(F71+G71,0) -> 3838.0875 | I71: ='Launches Residences'!$U$7 -> 0.3 | J71: =IF(Table2[[#This Row],[Unit ]]="","",F71+(G71*Table2[[#This Row],[Terrace Area]])) -> 2704.5617 | K71: =_xlfn.XLOOKUP(Table2[[#This Row],[Unit ]],'Launches Residences'!$F$15:$F$71,'Launches Residences'!$J$15:$J$71) -> 9650 | L71: =IFERROR(J71*K71,0) -> 26099020 | M71: =Table2[[#This Row],[Price/Sq.ft]] -> 9650 | N71: =VLOOKUP(Table2[[#This Row],[Unit ]],'[1]Muraba Unit Wise Details '!$C$4:$L$67,10,FALSE) -> #N/A | O71: =Table2[[#This Row],[Column2]]-Table2[[#This Row],[Price]] -> #N/A | P71: =Table2[[#This Row],[Price]]/Table2[[#This Row],[Total Area (Sq.ft)]] -> 6800.0065 | Q71: =Table2[[#This Row],[Price]]/Table2[[#This Row],[Sellable Area (Sq. ft)]] -> 9650
A72: =IF(Table2[[#This Row],[Unit ]]="","","2 Bedroom") -> 2 Bedroom | B72: Available | C72: ='Launches Residences'!E49 -> 4002 | D72: =LEFT(Table2[[#This Row],[Unit ]],2) -> 40 | E72: =IF(Table2[[#This Row],[Unit ]]="","",_xlfn.XLOOKUP(Table2[[#This Row],[Type]],'Muraba Veil Sale Summary'!A:A,'Muraba Veil Sale Summary'!P:P)) -> 2 | F72: =IF(Table2[[#This Row],[Unit ]]="","",_xlfn.XLOOKUP(Table2[[#This Row],[Type]],'Muraba Veil Sale Summary'!$A:$A,'Muraba Veil Sale Summary'!F:F)) -> 2218.7649 | G72: =IF(Table2[[#This Row],[Unit ]]="","",_xlfn.XLOOKUP(Table2[[#This Row],[Type]],'Muraba Veil Sale Summary'!$A:$A,'Muraba Veil Sale Summary'!G:G)) -> 1619.3227 | H72: =IFERROR(F72+G72,0) -> 3838.0875 | I72: ='Launches Residences'!$U$7 -> 0.3 | J72: =IF(Table2[[#This Row],[Unit ]]="","",F72+(G72*Table2[[#This Row],[Terrace Area]])) -> 2704.5617 | K72: =_xlfn.XLOOKUP(Table2[[#This Row],[Unit ]],'Launches Residences'!$E$15:$E$71,'Launches Residences'!$I$15:$I$71) -> 9800 | L72: =IFERROR(J72*K72,0) -> 26504704 | M72: =Table2[[#This Row],[Price/Sq.ft]] -> 9800 | N72: =VLOOKUP(Table2[[#This Row],[Unit ]],'[1]Muraba Unit Wise Details '!$C$4:$L$67,10,FALSE) -> #N/A | O72: =Table2[[#This Row],[Column2]]-Table2[[#This Row],[Price]] -> #N/A | P72: =Table2[[#This Row],[Price]]/Table2[[#This Row],[Total Area (Sq.ft)]] -> 6905.706 | Q72: =Table2[[#This Row],[Price]]/Table2[[#This Row],[Sellable Area (Sq. ft)]] -> 9800
A73: =IF(Table2[[#This Row],[Unit ]]="","","2 Bedroom") -> 2 Bedroom | B73: Available | C73: ='Launches Residences'!F49 -> 4003 | D73: =LEFT(Table2[[#This Row],[Unit ]],2) -> 40 | E73: =IF(Table2[[#This Row],[Unit ]]="","",_xlfn.XLOOKUP(Table2[[#This Row],[Type]],'Muraba Veil Sale Summary'!A:A,'Muraba Veil Sale Summary'!P:P)) -> 2 | F73: =IF(Table2[[#This Row],[Unit ]]="","",_xlfn.XLOOKUP(Table2[[#This Row],[Type]],'Muraba Veil Sale Summary'!$A:$A,'Muraba Veil Sale Summary'!F:F)) -> 2218.7649 | G73: =IF(Table2[[#This Row],[Unit ]]="","",_xlfn.XLOOKUP(Table2[[#This Row],[Type]],'Muraba Veil Sale Summary'!$A:$A,'Muraba Veil Sale Summary'!G:G)) -> 1619.3227 | H73: =IFERROR(F73+G73,0) -> 3838.0875 | I73: ='Launches Residences'!$U$7 -> 0.3 | J73: =IF(Table2[[#This Row],[Unit ]]="","",F73+(G73*Table2[[#This Row],[Terrace Area]])) -> 2704.5617 | K73: =_xlfn.XLOOKUP(Table2[[#This Row],[Unit ]],'Launches Residences'!$F$15:$F$71,'Launches Residences'!$J$15:$J$71) -> 9800 | L73: =IFERROR(J73*K73,0) -> 26504704 | M73: =Table2[[#This Row],[Price/Sq.ft]] -> 9800 | N73: =VLOOKUP(Table2[[#This Row],[Unit ]],'[1]Muraba Unit Wise Details '!$C$4:$L$67,10,FALSE) -> #N/A | O73: =Table2[[#This Row],[Column2]]-Table2[[#This Row],[Price]] -> #N/A | P73: =Table2[[#This Row],[Price]]/Table2[[#This Row],[Total Area (Sq.ft)]] -> 6905.706 | Q73: =Table2[[#This Row],[Price]]/Table2[[#This Row],[Sellable Area (Sq. ft)]] -> 9800
A74: =IF(Table2[[#This Row],[Unit ]]="","","2 Bedroom") -> 2 Bedroom | B74: Available | C74: ='Launches Residences'!E50 -> 4102 | D74: =LEFT(Table2[[#This Row],[Unit ]],2) -> 41 | E74: =IF(Table2[[#This Row],[Unit ]]="","",_xlfn.XLOOKUP(Table2[[#This Row],[Type]],'Muraba Veil Sale Summary'!A:A,'Muraba Veil Sale Summary'!P:P)) -> 2 | F74: =IF(Table2[[#This Row],[Unit ]]="","",_xlfn.XLOOKUP(Table2[[#This Row],[Type]],'Muraba Veil Sale Summary'!$A:$A,'Muraba Veil Sale Summary'!F:F)) -> 2218.7649 | G74: =IF(Table2[[#This Row],[Unit ]]="","",_xlfn.XLOOKUP(Table2[[#This Row],[Type]],'Muraba Veil Sale Summary'!$A:$A,'Muraba Veil Sale Summary'!G:G)) -> 1619.3227 | H74: =IFERROR(F74+G74,0) -> 3838.0875 | I74: ='Launches Residences'!$U$7 -> 0.3 | J74: =IF(Table2[[#This Row],[Unit ]]="","",F74+(G74*Table2[[#This Row],[Terrace Area]])) -> 2704.5617 | K74: =_xlfn.XLOOKUP(Table2[[#This Row],[Unit ]],'Launches Residences'!$E$15:$E$71,'Launches Residences'!$I$15:$I$71) -> 9950 | L74: =IFERROR(J74*K74,0) -> 26910388 | M74: =Table2[[#This Row],[Price/Sq.ft]] -> 9950 | N74: =VLOOKUP(Table2[[#This Row],[Unit ]],'[1]Muraba Unit Wise Details '!$C$4:$L$67,10,FALSE) -> #N/A | O74: =Table2[[#This Row],[Column2]]-Table2[[#This Row],[Price]] -> #N/A | P74: =Table2[[#This Row],[Price]]/Table2[[#This Row],[Total Area (Sq.ft)]] -> 7011.4056 | Q74: =Table2[[#This Row],[Price]]/Table2[[#This Row],[Sellable Area (Sq. ft)]] -> 9950
A75: =IF(Table2[[#This Row],[Unit ]]="","","2 Bedroom") -> 2 Bedroom | B75: Available | C75: ='Launches Residences'!F50 -> 4103 | D75: =LEFT(Table2[[#This Row],[Unit ]],2) -> 41 | E75: =IF(Table2[[#This Row],[Unit ]]="","",_xlfn.XLOOKUP(Table2[[#This Row],[Type]],'Muraba Veil Sale Summary'!A:A,'Muraba Veil Sale Summary'!P:P)) -> 2 | F75: =IF(Table2[[#This Row],[Unit ]]="","",_xlfn.XLOOKUP(Table2[[#This Row],[Type]],'Muraba Veil Sale Summary'!$A:$A,'Muraba Veil Sale Summary'!F:F)) -> 2218.7649 | G75: =IF(Table2[[#This Row],[Unit ]]="","",_xlfn.XLOOKUP(Table2[[#This Row],[Type]],'Muraba Veil Sale Summary'!$A:$A,'Muraba Veil Sale Summary'!G:G)) -> 1619.3227 | H75: =IFERROR(F75+G75,0) -> 3838.0875 | I75: ='Launches Residences'!$U$7 -> 0.3 | J75: =IF(Table2[[#This Row],[Unit ]]="","",F75+(G75*Table2[[#This Row],[Terrace Area]])) -> 2704.5617 | K75: =_xlfn.XLOOKUP(Table2[[#This Row],[Unit ]],'Launches Residences'!$F$15:$F$71,'Launches Residences'!$J$15:$J$71) -> 9950 | L75: =IFERROR(J75*K75,0) -> 26910388 | M75: =Table2[[#This Row],[Price/Sq.ft]] -> 9950 | N75: =VLOOKUP(Table2[[#This Row],[Unit ]],'[1]Muraba Unit Wise Details '!$C$4:$L$67,10,FALSE) -> #N/A | O75: =Table2[[#This Row],[Column2]]-Table2[[#This Row],[Price]] -> #N/A | P75: =Table2[[#This Row],[Price]]/Table2[[#This Row],[Total Area (Sq.ft)]] -> 7011.4056 | Q75: =Table2[[#This Row],[Price]]/Table2[[#This Row],[Sellable Area (Sq. ft)]] -> 9950
A76: =IF(Table2[[#This Row],[Unit ]]="","","2 Bedroom") -> 2 Bedroom | B76: Available | C76: ='Launches Residences'!E51 -> 4202 | D76: =LEFT(Table2[[#This Row],[Unit ]],2) -> 42 | E76: =IF(Table2[[#This Row],[Unit ]]="","",_xlfn.XLOOKUP(Table2[[#This Row],[Type]],'Muraba Veil Sale Summary'!A:A,'Muraba Veil Sale Summary'!P:P)) -> 2 | F76: =IF(Table2[[#This Row],[Unit ]]="","",_xlfn.XLOOKUP(Table2[[#This Row],[Type]],'Muraba Veil Sale Summary'!$A:$A,'Muraba Veil Sale Summary'!F:F)) -> 2218.7649 | G76: =IF(Table2[[#This Row],[Unit ]]="","",_xlfn.XLOOKUP(Table2[[#This Row],[Type]],'Muraba Veil Sale Summary'!$A:$A,'Muraba Veil Sale Summary'!G:G)) -> 1619.3227 | H76: =IFERROR(F76+G76,0) -> 3838.0875 | I76: ='Launches Residences'!$U$7 -> 0.3 | J76: =IF(Table2[[#This Row],[Unit ]]="","",F76+(G76*Table2[[#This Row],[Terrace Area]])) -> 2704.5617 | K76: =_xlfn.XLOOKUP(Table2[[#This Row],[Unit ]],'Launches Residences'!$E$15:$E$71,'Launches Residences'!$I$15:$I$71) -> 10100 | L76: =IFERROR(J76*K76,0) -> 27316073 | M76: =Table2[[#This Row],[Price/Sq.ft]] -> 10100 | N76: =VLOOKUP(Table2[[#This Row],[Unit ]],'[1]Muraba Unit Wise Details '!$C$4:$L$67,10,FALSE) -> #N/A | O76: =Table2[[#This Row],[Column2]]-Table2[[#This Row],[Price]] -> #N/A | P76: =Table2[[#This Row],[Price]]/Table2[[#This Row],[Total Area (Sq.ft)]] -> 7117.1052 | Q76: =Table2[[#This Row],[Price]]/Table2[[#This Row],[Sellable Area (Sq. ft)]] -> 10100
A77: =IF(Table2[[#This Row],[Unit ]]="","","2 Bedroom") -> 2 Bedroom | B77: Available | C77: ='Launches Residences'!F51 -> 4203 | D77: =LEFT(Table2[[#This Row],[Unit ]],2) -> 42 | E77: =IF(Table2[[#This Row],[Unit ]]="","",_xlfn.XLOOKUP(Table2[[#This Row],[Type]],'Muraba Veil Sale Summary'!A:A,'Muraba Veil Sale Summary'!P:P)) -> 2 | F77: =IF(Table2[[#This Row],[Unit ]]="","",_xlfn.XLOOKUP(Table2[[#This Row],[Type]],'Muraba Veil Sale Summary'!$A:$A,'Muraba Veil Sale Summary'!F:F)) -> 2218.7649 | G77: =IF(Table2[[#This Row],[Unit ]]="","",_xlfn.XLOOKUP(Table2[[#This Row],[Type]],'Muraba Veil Sale Summary'!$A:$A,'Muraba Veil Sale Summary'!G:G)) -> 1619.3227 | H77: =IFERROR(F77+G77,0) -> 3838.0875 | I77: ='Launches Residences'!$U$7 -> 0.3 | J77: =IF(Table2[[#This Row],[Unit ]]="","",F77+(G77*Table2[[#This Row],[Terrace Area]])) -> 2704.5617 | K77: =_xlfn.XLOOKUP(Table2[[#This Row],[Unit ]],'Launches Residences'!$F$15:$F$71,'Launches Residences'!$J$15:$J$71) -> 10100 | L77: =IFERROR(J77*K77,0) -> 27316073 | M77: =Table2[[#This Row],[Price/Sq.ft]] -> 10100 | N77: =VLOOKUP(Table2[[#This Row],[Unit ]],'[1]Muraba Unit Wise Details '!$C$4:$L$67,10,FALSE) -> #N/A | O77: =Table2[[#This Row],[Column2]]-Table2[[#This Row],[Price]] -> #N/A | P77: =Table2[[#This Row],[Price]]/Table2[[#This Row],[Total Area (Sq.ft)]] -> 7117.1052 | Q77: =Table2[[#This Row],[Price]]/Table2[[#This Row],[Sellable Area (Sq. ft)]] -> 10100
A78: =IF(Table2[[#This Row],[Unit ]]="","","2 Bedroom") -> 2 Bedroom | B78: Available | C78: ='Launches Residences'!E52 -> 4302 | D78: =LEFT(Table2[[#This Row],[Unit ]],2) -> 43 | E78: =IF(Table2[[#This Row],[Unit ]]="","",_xlfn.XLOOKUP(Table2[[#This Row],[Type]],'Muraba Veil Sale Summary'!A:A,'Muraba Veil Sale Summary'!P:P)) -> 2 | F78: =IF(Table2[[#This Row],[Unit ]]="","",_xlfn.XLOOKUP(Table2[[#This Row],[Type]],'Muraba Veil Sale Summary'!$A:$A,'Muraba Veil Sale Summary'!F:F)) -> 2218.7649 | G78: =IF(Table2[[#This Row],[Unit ]]="","",_xlfn.XLOOKUP(Table2[[#This Row],[Type]],'Muraba Veil Sale Summary'!$A:$A,'Muraba Veil Sale Summary'!G:G)) -> 1619.3227 | H78: =IFERROR(F78+G78,0) -> 3838.0875 | I78: ='Launches Residences'!$U$7 -> 0.3 | J78: =IF(Table2[[#This Row],[Unit ]]="","",F78+(G78*Table2[[#This Row],[Terrace Area]])) -> 2704.5617 | K78: =_xlfn.XLOOKUP(Table2[[#This Row],[Unit ]],'Launches Residences'!$E$15:$E$71,'Launches Residences'!$I$15:$I$71) -> 10250 | L78: =IFERROR(J78*K78,0) -> 27721757 | M78: =Table2[[#This Row],[Price/Sq.ft]] -> 10250 | N78: =VLOOKUP(Table2[[#This Row],[Unit ]],'[1]Muraba Unit Wise Details '!$C$4:$L$67,10,FALSE) -> #N/A | O78: =Table2[[#This Row],[Column2]]-Table2[[#This Row],[Price]] -> #N/A | P78: =Table2[[#This Row],[Price]]/Table2[[#This Row],[Total Area (Sq.ft)]] -> 7222.8048 | Q78: =Table2[[#This Row],[Price]]/Table2[[#This Row],[Sellable Area (Sq. ft)]] -> 10250
A79: =IF(Table2[[#This Row],[Unit ]]="","","2 Bedroom") -> 2 Bedroom | B79: Available | C79: ='Launches Residences'!F52 -> 4303 | D79: =LEFT(Table2[[#This Row],[Unit ]],2) -> 43 | E79: =IF(Table2[[#This Row],[Unit ]]="","",_xlfn.XLOOKUP(Table2[[#This Row],[Type]],'Muraba Veil Sale Summary'!A:A,'Muraba Veil Sale Summary'!P:P)) -> 2 | F79: =IF(Table2[[#This Row],[Unit ]]="","",_xlfn.XLOOKUP(Table2[[#This Row],[Type]],'Muraba Veil Sale Summary'!$A:$A,'Muraba Veil Sale Summary'!F:F)) -> 2218.7649 | G79: =IF(Table2[[#This Row],[Unit ]]="","",_xlfn.XLOOKUP(Table2[[#This Row],[Type]],'Muraba Veil Sale Summary'!$A:$A,'Muraba Veil Sale Summary'!G:G)) -> 1619.3227 | H79: =IFERROR(F79+G79,0) -> 3838.0875 | I79: ='Launches Residences'!$U$7 -> 0.3 | J79: =IF(Table2[[#This Row],[Unit ]]="","",F79+(G79*Table2[[#This Row],[Terrace Area]])) -> 2704.5617 | K79: =_xlfn.XLOOKUP(Table2[[#This Row],[Unit ]],'Launches Residences'!$F$15:$F$71,'Launches Residences'!$J$15:$J$71) -> 10250 | L79: =IFERROR(J79*K79,0) -> 27721757 | M79: =Table2[[#This Row],[Price/Sq.ft]] -> 10250 | N79: =VLOOKUP(Table2[[#This Row],[Unit ]],'[1]Muraba Unit Wise Details '!$C$4:$L$67,10,FALSE) -> #N/A | O79: =Table2[[#This Row],[Column2]]-Table2[[#This Row],[Price]] -> #N/A | P79: =Table2[[#This Row],[Price]]/Table2[[#This Row],[Total Area (Sq.ft)]] -> 7222.8048 | Q79: =Table2[[#This Row],[Price]]/Table2[[#This Row],[Sellable Area (Sq. ft)]] -> 10250
A80: =IF(Table2[[#This Row],[Unit ]]="","","2 Bedroom") -> 2 Bedroom | B80: Available | C80: ='Launches Residences'!E53 -> 4402 | D80: =LEFT(Table2[[#This Row],[Unit ]],2) -> 44 | E80: =IF(Table2[[#This Row],[Unit ]]="","",_xlfn.XLOOKUP(Table2[[#This Row],[Type]],'Muraba Veil Sale Summary'!A:A,'Muraba Veil Sale Summary'!P:P)) -> 2 | F80: =IF(Table2[[#This Row],[Unit ]]="","",_xlfn.XLOOKUP(Table2[[#This Row],[Type]],'Muraba Veil Sale Summary'!$A:$A,'Muraba Veil Sale Summary'!F:F)) -> 2218.7649 | G80: =IF(Table2[[#This Row],[Unit ]]="","",_xlfn.XLOOKUP(Table2[[#This Row],[Type]],'Muraba Veil Sale Summary'!$A:$A,'Muraba Veil Sale Summary'!G:G)) -> 1619.3227 | H80: =IFERROR(F80+G80,0) -> 3838.0875 | I80: ='Launches Residences'!$U$7 -> 0.3 | J80: =IF(Table2[[#This Row],[Unit ]]="","",F80+(G80*Table2[[#This Row],[Terrace Area]])) -> 2704.5617 | K80: =_xlfn.XLOOKUP(Table2[[#This Row],[Unit ]],'Launches Residences'!$E$15:$E$71,'Launches Residences'!$I$15:$I$71) -> 10400 | L80: =IFERROR(J80*K80,0) -> 28127441 | M80: =Table2[[#This Row],[Price/Sq.ft]] -> 10400 | N80: =VLOOKUP(Table2[[#This Row],[Unit ]],'[1]Muraba Unit Wise Details '!$C$4:$L$67,10,FALSE) -> #N/A | O80: =Table2[[#This Row],[Column2]]-Table2[[#This Row],[Price]] -> #N/A | P80: =Table2[[#This Row],[Price]]/Table2[[#This Row],[Total Area (Sq.ft)]] -> 7328.5044 | Q80: =Table2[[#This Row],[Price]]/Table2[[#This Row],[Sellable Area (Sq. ft)]] -> 10400
A81: =IF(Table2[[#This Row],[Unit ]]="","","2 Bedroom") -> 2 Bedroom | B81: Available | C81: ='Launches Residences'!F53 -> 4403 | D81: =LEFT(Table2[[#This Row],[Unit ]],2) -> 44 | E81: =IF(Table2[[#This Row],[Unit ]]="","",_xlfn.XLOOKUP(Table2[[#This Row],[Type]],'Muraba Veil Sale Summary'!A:A,'Muraba Veil Sale Summary'!P:P)) -> 2 | F81: =IF(Table2[[#This Row],[Unit ]]="","",_xlfn.XLOOKUP(Table2[[#This Row],[Type]],'Muraba Veil Sale Summary'!$A:$A,'Muraba Veil Sale Summary'!F:F)) -> 2218.7649 | G81: =IF(Table2[[#This Row],[Unit ]]="","",_xlfn.XLOOKUP(Table2[[#This Row],[Type]],'Muraba Veil Sale Summary'!$A:$A,'Muraba Veil Sale Summary'!G:G)) -> 1619.3227 | H81: =IFERROR(F81+G81,0) -> 3838.0875 | I81: ='Launches Residences'!$U$7 -> 0.3 | J81: =IF(Table2[[#This Row],[Unit ]]="","",F81+(G81*Table2[[#This Row],[Terrace Area]])) -> 2704.5617 | K81: =_xlfn.XLOOKUP(Table2[[#This Row],[Unit ]],'Launches Residences'!$F$15:$F$71,'Launches Residences'!$J$15:$J$71) -> 10400 | L81: =IFERROR(J81*K81,0) -> 28127441 | M81: =Table2[[#This Row],[Price/Sq.ft]] -> 10400 | N81: =VLOOKUP(Table2[[#This Row],[Unit ]],'[1]Muraba Unit Wise Details '!$C$4:$L$67,10,FALSE) -> #N/A | O81: =Table2[[#This Row],[Column2]]-Table2[[#This Row],[Price]] -> #N/A | P81: =Table2[[#This Row],[Price]]/Table2[[#This Row],[Total Area (Sq.ft)]] -> 7328.5044 | Q81: =Table2[[#This Row],[Price]]/Table2[[#This Row],[Sellable Area (Sq. ft)]] -> 10400
A82: =IF(Table2[[#This Row],[Unit ]]="","","2 Bedroom") -> 2 Bedroom | B82: Available | C82: ='Launches Residences'!E54 -> 4502 | D82: =LEFT(Table2[[#This Row],[Unit ]],2) -> 45 | E82: =IF(Table2[[#This Row],[Unit ]]="","",_xlfn.XLOOKUP(Table2[[#This Row],[Type]],'Muraba Veil Sale Summary'!A:A,'Muraba Veil Sale Summary'!P:P)) -> 2 | F82: =IF(Table2[[#This Row],[Unit ]]="","",_xlfn.XLOOKUP(Table2[[#This Row],[Type]],'Muraba Veil Sale Summary'!$A:$A,'Muraba Veil Sale Summary'!F:F)) -> 2218.7649 | G82: =IF(Table2[[#This Row],[Unit ]]="","",_xlfn.XLOOKUP(Table2[[#This Row],[Type]],'Muraba Veil Sale Summary'!$A:$A,'Muraba Veil Sale Summary'!G:G)) -> 1619.3227 | H82: =IFERROR(F82+G82,0) -> 3838.0875 | I82: ='Launches Residences'!$U$7 -> 0.3 | J82: =IF(Table2[[#This Row],[Unit ]]="","",F82+(G82*Table2[[#This Row],[Terrace Area]])) -> 2704.5617 | K82: =_xlfn.XLOOKUP(Table2[[#This Row],[Unit ]],'Launches Residences'!$E$15:$E$71,'Launches Residences'!$I$15:$I$71) -> 10550 | L82: =IFERROR(J82*K82,0) -> 28533125 | M82: =Table2[[#This Row],[Price/Sq.ft]] -> 10550 | N82: =VLOOKUP(Table2[[#This Row],[Unit ]],'[1]Muraba Unit Wise Details '!$C$4:$L$67,10,FALSE) -> #N/A | O82: =Table2[[#This Row],[Column2]]-Table2[[#This Row],[Price]] -> #N/A | P82: =Table2[[#This Row],[Price]]/Table2[[#This Row],[Total Area (Sq.ft)]] -> 7434.2039 | Q82: =Table2[[#This Row],[Price]]/Table2[[#This Row],[Sellable Area (Sq. ft)]] -> 10550
A83: =IF(Table2[[#This Row],[Unit ]]="","","2 Bedroom") -> 2 Bedroom | B83: Available | C83: ='Launches Residences'!F54 -> 4503 | D83: =LEFT(Table2[[#This Row],[Unit ]],2) -> 45 | E83: =IF(Table2[[#This Row],[Unit ]]="","",_xlfn.XLOOKUP(Table2[[#This Row],[Type]],'Muraba Veil Sale Summary'!A:A,'Muraba Veil Sale Summary'!P:P)) -> 2 | F83: =IF(Table2[[#This Row],[Unit ]]="","",_xlfn.XLOOKUP(Table2[[#This Row],[Type]],'Muraba Veil Sale Summary'!$A:$A,'Muraba Veil Sale Summary'!F:F)) -> 2218.7649 | G83: =IF(Table2[[#This Row],[Unit ]]="","",_xlfn.XLOOKUP(Table2[[#This Row],[Type]],'Muraba Veil Sale Summary'!$A:$A,'Muraba Veil Sale Summary'!G:G)) -> 1619.3227 | H83: =IFERROR(F83+G83,0) -> 3838.0875 | I83: ='Launches Residences'!$U$7 -> 0.3 | J83: =IF(Table2[[#This Row],[Unit ]]="","",F83+(G83*Table2[[#This Row],[Terrace Area]])) -> 2704.5617 | K83: =_xlfn.XLOOKUP(Table2[[#This Row],[Unit ]],'Launches Residences'!$F$15:$F$71,'Launches Residences'!$J$15:$J$71) -> 10550 | L83: =IFERROR(J83*K83,0) -> 28533125 | M83: =Table2[[#This Row],[Price/Sq.ft]] -> 10550 | N83: =VLOOKUP(Table2[[#This Row],[Unit ]],'[1]Muraba Unit Wise Details '!$C$4:$L$67,10,FALSE) -> #N/A | O83: =Table2[[#This Row],[Column2]]-Table2[[#This Row],[Price]] -> #N/A | P83: =Table2[[#This Row],[Price]]/Table2[[#This Row],[Total Area (Sq.ft)]] -> 7434.2039 | Q83: =Table2[[#This Row],[Price]]/Table2[[#This Row],[Sellable Area (Sq. ft)]] -> 10550
A84: =IF(Table2[[#This Row],[Unit ]]="","","2 Bedroom") -> 2 Bedroom | B84: Available | C84: ='Launches Residences'!E55 -> 4602 | D84: =LEFT(Table2[[#This Row],[Unit ]],2) -> 46 | E84: =IF(Table2[[#This Row],[Unit ]]="","",_xlfn.XLOOKUP(Table2[[#This Row],[Type]],'Muraba Veil Sale Summary'!A:A,'Muraba Veil Sale Summary'!P:P)) -> 2 | F84: =IF(Table2[[#This Row],[Unit ]]="","",_xlfn.XLOOKUP(Table2[[#This Row],[Type]],'Muraba Veil Sale Summary'!$A:$A,'Muraba Veil Sale Summary'!F:F)) -> 2218.7649 | G84: =IF(Table2[[#This Row],[Unit ]]="","",_xlfn.XLOOKUP(Table2[[#This Row],[Type]],'Muraba Veil Sale Summary'!$A:$A,'Muraba Veil Sale Summary'!G:G)) -> 1619.3227 | H84: =IFERROR(F84+G84,0) -> 3838.0875 | I84: ='Launches Residences'!$U$7 -> 0.3 | J84: =IF(Table2[[#This Row],[Unit ]]="","",F84+(G84*Table2[[#This Row],[Terrace Area]])) -> 2704.5617 | K84: =_xlfn.XLOOKUP(Table2[[#This Row],[Unit ]],'Launches Residences'!$E$15:$E$71,'Launches Residences'!$I$15:$I$71) -> 10700 | L84: =IFERROR(J84*K84,0) -> 28938810 | M84: =Table2[[#This Row],[Price/Sq.ft]] -> 10700 | N84: =VLOOKUP(Table2[[#This Row],[Unit ]],'[1]Muraba Unit Wise Details '!$C$4:$L$67,10,FALSE) -> #N/A | O84: =Table2[[#This Row],[Column2]]-Table2[[#This Row],[Price]] -> #N/A | P84: =Table2[[#This Row],[Price]]/Table2[[#This Row],[Total Area (Sq.ft)]] -> 7539.9035 | Q84: =Table2[[#This Row],[Price]]/Table2[[#This Row],[Sellable Area (Sq. ft)]] -> 10700
A85: =IF(Table2[[#This Row],[Unit ]]="","","2 Bedroom") -> 2 Bedroom | B85: Available | C85: ='Launches Residences'!F55 -> 4603 | D85: =LEFT(Table2[[#This Row],[Unit ]],2) -> 46 | E85: =IF(Table2[[#This Row],[Unit ]]="","",_xlfn.XLOOKUP(Table2[[#This Row],[Type]],'Muraba Veil Sale Summary'!A:A,'Muraba Veil Sale Summary'!P:P)) -> 2 | F85: =IF(Table2[[#This Row],[Unit ]]="","",_xlfn.XLOOKUP(Table2[[#This Row],[Type]],'Muraba Veil Sale Summary'!$A:$A,'Muraba Veil Sale Summary'!F:F)) -> 2218.7649 | G85: =IF(Table2[[#This Row],[Unit ]]="","",_xlfn.XLOOKUP(Table2[[#This Row],[Type]],'Muraba Veil Sale Summary'!$A:$A,'Muraba Veil Sale Summary'!G:G)) -> 1619.3227 | H85: =IFERROR(F85+G85,0) -> 3838.0875 | I85: ='Launches Residences'!$U$7 -> 0.3 | J85: =IF(Table2[[#This Row],[Unit ]]="","",F85+(G85*Table2[[#This Row],[Terrace Area]])) -> 2704.5617 | K85: =_xlfn.XLOOKUP(Table2[[#This Row],[Unit ]],'Launches Residences'!$F$15:$F$71,'Launches Residences'!$J$15:$J$71) -> 10700 | L85: =IFERROR(J85*K85,0) -> 28938810 | M85: =Table2[[#This Row],[Price/Sq.ft]] -> 10700 | N85: =VLOOKUP(Table2[[#This Row],[Unit ]],'[1]Muraba Unit Wise Details '!$C$4:$L$67,10,FALSE) -> #N/A | O85: =Table2[[#This Row],[Column2]]-Table2[[#This Row],[Price]] -> #N/A | P85: =Table2[[#This Row],[Price]]/Table2[[#This Row],[Total Area (Sq.ft)]] -> 7539.9035 | Q85: =Table2[[#This Row],[Price]]/Table2[[#This Row],[Sellable Area (Sq. ft)]] -> 10700
A86: =IF(Table2[[#This Row],[Unit ]]="","","2 Bedroom") -> 2 Bedroom | B86: Available | C86: ='Launches Residences'!E56 -> 4702 | D86: =LEFT(Table2[[#This Row],[Unit ]],2) -> 47 | E86: =IF(Table2[[#This Row],[Unit ]]="","",_xlfn.XLOOKUP(Table2[[#This Row],[Type]],'Muraba Veil Sale Summary'!A:A,'Muraba Veil Sale Summary'!P:P)) -> 2 | F86: =IF(Table2[[#This Row],[Unit ]]="","",_xlfn.XLOOKUP(Table2[[#This Row],[Type]],'Muraba Veil Sale Summary'!$A:$A,'Muraba Veil Sale Summary'!F:F)) -> 2218.7649 | G86: =IF(Table2[[#This Row],[Unit ]]="","",_xlfn.XLOOKUP(Table2[[#This Row],[Type]],'Muraba Veil Sale Summary'!$A:$A,'Muraba Veil Sale Summary'!G:G)) -> 1619.3227 | H86: =IFERROR(F86+G86,0) -> 3838.0875 | I86: ='Launches Residences'!$U$7 -> 0.3 | J86: =IF(Table2[[#This Row],[Unit ]]="","",F86+(G86*Table2[[#This Row],[Terrace Area]])) -> 2704.5617 | K86: =_xlfn.XLOOKUP(Table2[[#This Row],[Unit ]],'Launches Residences'!$E$15:$E$71,'Launches Residences'!$I$15:$I$71) -> 10850 | L86: =IFERROR(J86*K86,0) -> 29344494 | M86: =Table2[[#This Row],[Price/Sq.ft]] -> 10850 | N86: =VLOOKUP(Table2[[#This Row],[Unit ]],'[1]Muraba Unit Wise Details '!$C$4:$L$67,10,FALSE) -> #N/A | O86: =Table2[[#This Row],[Column2]]-Table2[[#This Row],[Price]] -> #N/A | P86: =Table2[[#This Row],[Price]]/Table2[[#This Row],[Total Area (Sq.ft)]] -> 7645.6031 | Q86: =Table2[[#This Row],[Price]]/Table2[[#This Row],[Sellable Area (Sq. ft)]] -> 10850
A87: =IF(Table2[[#This Row],[Unit ]]="","","2 Bedroom") -> 2 Bedroom | B87: Available | C87: ='Launches Residences'!F56 -> 4703 | D87: =LEFT(Table2[[#This Row],[Unit ]],2) -> 47 | E87: =IF(Table2[[#This Row],[Unit ]]="","",_xlfn.XLOOKUP(Table2[[#This Row],[Type]],'Muraba Veil Sale Summary'!A:A,'Muraba Veil Sale Summary'!P:P)) -> 2 | F87: =IF(Table2[[#This Row],[Unit ]]="","",_xlfn.XLOOKUP(Table2[[#This Row],[Type]],'Muraba Veil Sale Summary'!$A:$A,'Muraba Veil Sale Summary'!F:F)) -> 2218.7649 | G87: =IF(Table2[[#This Row],[Unit ]]="","",_xlfn.XLOOKUP(Table2[[#This Row],[Type]],'Muraba Veil Sale Summary'!$A:$A,'Muraba Veil Sale Summary'!G:G)) -> 1619.3227 | H87: =IFERROR(F87+G87,0) -> 3838.0875 | I87: ='Launches Residences'!$U$7 -> 0.3 | J87: =IF(Table2[[#This Row],[Unit ]]="","",F87+(G87*Table2[[#This Row],[Terrace Area]])) -> 2704.5617 | K87: =_xlfn.XLOOKUP(Table2[[#This Row],[Unit ]],'Launches Residences'!$F$15:$F$71,'Launches Residences'!$J$15:$J$71) -> 10850 | L87: =IFERROR(J87*K87,0) -> 29344494 | M87: =Table2[[#This Row],[Price/Sq.ft]] -> 10850 | N87: =VLOOKUP(Table2[[#This Row],[Unit ]],'[1]Muraba Unit Wise Details '!$C$4:$L$67,10,FALSE) -> #N/A | O87: =Table2[[#This Row],[Column2]]-Table2[[#This Row],[Price]] -> #N/A | P87: =Table2[[#This Row],[Price]]/Table2[[#This Row],[Total Area (Sq.ft)]] -> 7645.6031 | Q87: =Table2[[#This Row],[Price]]/Table2[[#This Row],[Sellable Area (Sq. ft)]] -> 10850
A88: =IF(Table2[[#This Row],[Unit ]]="","","2 Bedroom") -> 2 Bedroom | B88: Available | C88: ='Launches Residences'!E57 -> 4802 | D88: =LEFT(Table2[[#This Row],[Unit ]],2) -> 48 | E88: =IF(Table2[[#This Row],[Unit ]]="","",_xlfn.XLOOKUP(Table2[[#This Row],[Type]],'Muraba Veil Sale Summary'!A:A,'Muraba Veil Sale Summary'!P:P)) -> 2 | F88: =IF(Table2[[#This Row],[Unit ]]="","",_xlfn.XLOOKUP(Table2[[#This Row],[Type]],'Muraba Veil Sale Summary'!$A:$A,'Muraba Veil Sale Summary'!F:F)) -> 2218.7649 | G88: =IF(Table2[[#This Row],[Unit ]]="","",_xlfn.XLOOKUP(Table2[[#This Row],[Type]],'Muraba Veil Sale Summary'!$A:$A,'Muraba Veil Sale Summary'!G:G)) -> 1619.3227 | H88: =IFERROR(F88+G88,0) -> 3838.0875 | I88: ='Launches Residences'!$U$7 -> 0.3 | J88: =IF(Table2[[#This Row],[Unit ]]="","",F88+(G88*Table2[[#This Row],[Terrace Area]])) -> 2704.5617 | K88: =_xlfn.XLOOKUP(Table2[[#This Row],[Unit ]],'Launches Residences'!$E$15:$E$71,'Launches Residences'!$I$15:$I$71) -> 11000 | L88: =IFERROR(J88*K88,0) -> 29750178 | M88: =Table2[[#This Row],[Price/Sq.ft]] -> 11000 | N88: =VLOOKUP(Table2[[#This Row],[Unit ]],'[1]Muraba Unit Wise Details '!$C$4:$L$67,10,FALSE) -> #N/A | O88: =Table2[[#This Row],[Column2]]-Table2[[#This Row],[Price]] -> #N/A | P88: =Table2[[#This Row],[Price]]/Table2[[#This Row],[Total Area (Sq.ft)]] -> 7751.3027 | Q88: =Table2[[#This Row],[Price]]/Table2[[#This Row],[Sellable Area (Sq. ft)]] -> 11000
A89: =IF(Table2[[#This Row],[Unit ]]="","","2 Bedroom") -> 2 Bedroom | B89: Available | C89: ='Launches Residences'!F57 -> 4803 | D89: =LEFT(Table2[[#This Row],[Unit ]],2) -> 48 | E89: =IF(Table2[[#This Row],[Unit ]]="","",_xlfn.XLOOKUP(Table2[[#This Row],[Type]],'Muraba Veil Sale Summary'!A:A,'Muraba Veil Sale Summary'!P:P)) -> 2 | F89: =IF(Table2[[#This Row],[Unit ]]="","",_xlfn.XLOOKUP(Table2[[#This Row],[Type]],'Muraba Veil Sale Summary'!$A:$A,'Muraba Veil Sale Summary'!F:F)) -> 2218.7649 | G89: =IF(Table2[[#This Row],[Unit ]]="","",_xlfn.XLOOKUP(Table2[[#This Row],[Type]],'Muraba Veil Sale Summary'!$A:$A,'Muraba Veil Sale Summary'!G:G)) -> 1619.3227 | H89: =IFERROR(F89+G89,0) -> 3838.0875 | I89: ='Launches Residences'!$U$7 -> 0.3 | J89: =IF(Table2[[#This Row],[Unit ]]="","",F89+(G89*Table2[[#This Row],[Terrace Area]])) -> 2704.5617 | K89: =_xlfn.XLOOKUP(Table2[[#This Row],[Unit ]],'Launches Residences'!$F$15:$F$71,'Launches Residences'!$J$15:$J$71) -> 11000 | L89: =IFERROR(J89*K89,0) -> 29750178 | M89: =Table2[[#This Row],[Price/Sq.ft]] -> 11000 | N89: =VLOOKUP(Table2[[#This Row],[Unit ]],'[1]Muraba Unit Wise Details '!$C$4:$L$67,10,FALSE) -> #N/A | O89: =Table2[[#This Row],[Column2]]-Table2[[#This Row],[Price]] -> #N/A | P89: =Table2[[#This Row],[Price]]/Table2[[#This Row],[Total Area (Sq.ft)]] -> 7751.3027 | Q89: =Table2[[#This Row],[Price]]/Table2[[#This Row],[Sellable Area (Sq. ft)]] -> 11000
A90: =IF(Table2[[#This Row],[Unit ]]="","","2 Bedroom") -> 2 Bedroom | B90: Available | C90: ='Launches Residences'!E58 -> 4902 | D90: =LEFT(Table2[[#This Row],[Unit ]],2) -> 49 | E90: =IF(Table2[[#This Row],[Unit ]]="","",_xlfn.XLOOKUP(Table2[[#This Row],[Type]],'Muraba Veil Sale Summary'!A:A,'Muraba Veil Sale Summary'!P:P)) -> 2 | F90: =IF(Table2[[#This Row],[Unit ]]="","",_xlfn.XLOOKUP(Table2[[#This Row],[Type]],'Muraba Veil Sale Summary'!$A:$A,'Muraba Veil Sale Summary'!F:F)) -> 2218.7649 | G90: =IF(Table2[[#This Row],[Unit ]]="","",_xlfn.XLOOKUP(Table2[[#This Row],[Type]],'Muraba Veil Sale Summary'!$A:$A,'Muraba Veil Sale Summary'!G:G)) -> 1619.3227 | H90: =IFERROR(F90+G90,0) -> 3838.0875 | I90: ='Launches Residences'!$U$7 -> 0.3 | J90: =IF(Table2[[#This Row],[Unit ]]="","",F90+(G90*Table2[[#This Row],[Terrace Area]])) -> 2704.5617 | K90: =_xlfn.XLOOKUP(Table2[[#This Row],[Unit ]],'Launches Residences'!$E$15:$E$71,'Launches Residences'!$I$15:$I$71) -> 11150 | L90: =IFERROR(J90*K90,0) -> 30155862 | M90: =Table2[[#This Row],[Price/Sq.ft]] -> 11150 | N90: =VLOOKUP(Table2[[#This Row],[Unit ]],'[1]Muraba Unit Wise Details '!$C$4:$L$67,10,FALSE) -> #N/A | O90: =Table2[[#This Row],[Column2]]-Table2[[#This Row],[Price]] -> #N/A | P90: =Table2[[#This Row],[Price]]/Table2[[#This Row],[Total Area (Sq.ft)]] -> 7857.0023 | Q90: =Table2[[#This Row],[Price]]/Table2[[#This Row],[Sellable Area (Sq. ft)]] -> 11150
A91: =IF(Table2[[#This Row],[Unit ]]="","","2 Bedroom") -> 2 Bedroom | B91: Available | C91: ='Launches Residences'!F58 -> 4903 | D91: =LEFT(Table2[[#This Row],[Unit ]],2) -> 49 | E91: =IF(Table2[[#This Row],[Unit ]]="","",_xlfn.XLOOKUP(Table2[[#This Row],[Type]],'Muraba Veil Sale Summary'!A:A,'Muraba Veil Sale Summary'!P:P)) -> 2 | F91: =IF(Table2[[#This Row],[Unit ]]="","",_xlfn.XLOOKUP(Table2[[#This Row],[Type]],'Muraba Veil Sale Summary'!$A:$A,'Muraba Veil Sale Summary'!F:F)) -> 2218.7649 | G91: =IF(Table2[[#This Row],[Unit ]]="","",_xlfn.XLOOKUP(Table2[[#This Row],[Type]],'Muraba Veil Sale Summary'!$A:$A,'Muraba Veil Sale Summary'!G:G)) -> 1619.3227 | H91: =IFERROR(F91+G91,0) -> 3838.0875 | I91: ='Launches Residences'!$U$7 -> 0.3 | J91: =IF(Table2[[#This Row],[Unit ]]="","",F91+(G91*Table2[[#This Row],[Terrace Area]])) -> 2704.5617 | K91: =_xlfn.XLOOKUP(Table2[[#This Row],[Unit ]],'Launches Residences'!$F$15:$F$71,'Launches Residences'!$J$15:$J$71) -> 11150 | L91: =IFERROR(J91*K91,0) -> 30155862 | M91: =Table2[[#This Row],[Price/Sq.ft]] -> 11150 | N91: =VLOOKUP(Table2[[#This Row],[Unit ]],'[1]Muraba Unit Wise Details '!$C$4:$L$67,10,FALSE) -> #N/A | O91: =Table2[[#This Row],[Column2]]-Table2[[#This Row],[Price]] -> #N/A | P91: =Table2[[#This Row],[Price]]/Table2[[#This Row],[Total Area (Sq.ft)]] -> 7857.0023 | Q91: =Table2[[#This Row],[Price]]/Table2[[#This Row],[Sellable Area (Sq. ft)]] -> 11150
A92: =IF(Table2[[#This Row],[Unit ]]="","","2 Bedroom") -> 2 Bedroom | B92: Available | C92: ='Launches Residences'!E59 -> 5102 | D92: =LEFT(Table2[[#This Row],[Unit ]],2) -> 51 | E92: =IF(Table2[[#This Row],[Unit ]]="","",_xlfn.XLOOKUP(Table2[[#This Row],[Type]],'Muraba Veil Sale Summary'!A:A,'Muraba Veil Sale Summary'!P:P)) -> 2 | F92: =IF(Table2[[#This Row],[Unit ]]="","",_xlfn.XLOOKUP(Table2[[#This Row],[Type]],'Muraba Veil Sale Summary'!$A:$A,'Muraba Veil Sale Summary'!F:F)) -> 2218.7649 | G92: =IF(Table2[[#This Row],[Unit ]]="","",_xlfn.XLOOKUP(Table2[[#This Row],[Type]],'Muraba Veil Sale Summary'!$A:$A,'Muraba Veil Sale Summary'!G:G)) -> 1619.3227 | H92: =IFERROR(F92+G92,0) -> 3838.0875 | I92: ='Launches Residences'!$U$7 -> 0.3 | J92: =IF(Table2[[#This Row],[Unit ]]="","",F92+(G92*Table2[[#This Row],[Terrace Area]])) -> 2704.5617 | K92: =_xlfn.XLOOKUP(Table2[[#This Row],[Unit ]],'Launches Residences'!$E$15:$E$71,'Launches Residences'!$I$15:$I$71) -> 11300 | L92: =IFERROR(J92*K92,0) -> 30561547 | M92: =Table2[[#This Row],[Price/Sq.ft]] -> 11300 | N92: =VLOOKUP(Table2[[#This Row],[Unit ]],'[1]Muraba Unit Wise Details '!$C$4:$L$67,10,FALSE) -> #N/A | O92: =Table2[[#This Row],[Column2]]-Table2[[#This Row],[Price]] -> #N/A | P92: =Table2[[#This Row],[Price]]/Table2[[#This Row],[Total Area (Sq.ft)]] -> 7962.7019 | Q92: =Table2[[#This Row],[Price]]/Table2[[#This Row],[Sellable Area (Sq. ft)]] -> 11300
A93: =IF(Table2[[#This Row],[Unit ]]="","","2 Bedroom") -> 2 Bedroom | B93: Available | C93: ='Launches Residences'!F59 -> 5103 | D93: =LEFT(Table2[[#This Row],[Unit ]],2) -> 51 | E93: =IF(Table2[[#This Row],[Unit ]]="","",_xlfn.XLOOKUP(Table2[[#This Row],[Type]],'Muraba Veil Sale Summary'!A:A,'Muraba Veil Sale Summary'!P:P)) -> 2 | F93: =IF(Table2[[#This Row],[Unit ]]="","",_xlfn.XLOOKUP(Table2[[#This Row],[Type]],'Muraba Veil Sale Summary'!$A:$A,'Muraba Veil Sale Summary'!F:F)) -> 2218.7649 | G93: =IF(Table2[[#This Row],[Unit ]]="","",_xlfn.XLOOKUP(Table2[[#This Row],[Type]],'Muraba Veil Sale Summary'!$A:$A,'Muraba Veil Sale Summary'!G:G)) -> 1619.3227 | H93: =IFERROR(F93+G93,0) -> 3838.0875 | I93: ='Launches Residences'!$U$7 -> 0.3 | J93: =IF(Table2[[#This Row],[Unit ]]="","",F93+(G93*Table2[[#This Row],[Terrace Area]])) -> 2704.5617 | K93: =_xlfn.XLOOKUP(Table2[[#This Row],[Unit ]],'Launches Residences'!$F$15:$F$71,'Launches Residences'!$J$15:$J$71) -> 11300 | L93: =IFERROR(J93*K93,0) -> 30561547 | M93: =Table2[[#This Row],[Price/Sq.ft]] -> 11300 | N93: =VLOOKUP(Table2[[#This Row],[Unit ]],'[1]Muraba Unit Wise Details '!$C$4:$L$67,10,FALSE) -> #N/A | O93: =Table2[[#This Row],[Column2]]-Table2[[#This Row],[Price]] -> #N/A | P93: =Table2[[#This Row],[Price]]/Table2[[#This Row],[Total Area (Sq.ft)]] -> 7962.7019 | Q93: =Table2[[#This Row],[Price]]/Table2[[#This Row],[Sellable Area (Sq. ft)]] -> 11300
A94: =IF(Table2[[#This Row],[Unit ]]="","","2 Bedroom") -> 2 Bedroom | B94: Available | C94: ='Launches Residences'!E60 -> 5202 | D94: =LEFT(Table2[[#This Row],[Unit ]],2) -> 52 | E94: =IF(Table2[[#This Row],[Unit ]]="","",_xlfn.XLOOKUP(Table2[[#This Row],[Type]],'Muraba Veil Sale Summary'!A:A,'Muraba Veil Sale Summary'!P:P)) -> 2 | F94: =IF(Table2[[#This Row],[Unit ]]="","",_xlfn.XLOOKUP(Table2[[#This Row],[Type]],'Muraba Veil Sale Summary'!$A:$A,'Muraba Veil Sale Summary'!F:F)) -> 2218.7649 | G94: =IF(Table2[[#This Row],[Unit ]]="","",_xlfn.XLOOKUP(Table2[[#This Row],[Type]],'Muraba Veil Sale Summary'!$A:$A,'Muraba Veil Sale Summary'!G:G)) -> 1619.3227 | H94: =IFERROR(F94+G94,0) -> 3838.0875 | I94: ='Launches Residences'!$U$7 -> 0.3 | J94: =IF(Table2[[#This Row],[Unit ]]="","",F94+(G94*Table2[[#This Row],[Terrace Area]])) -> 2704.5617 | K94: =_xlfn.XLOOKUP(Table2[[#This Row],[Unit ]],'Launches Residences'!$E$15:$E$71,'Launches Residences'!$I$15:$I$71) -> 11450 | L94: =IFERROR(J94*K94,0) -> 30967231 | M94: =Table2[[#This Row],[Price/Sq.ft]] -> 11450 | N94: =VLOOKUP(Table2[[#This Row],[Unit ]],'[1]Muraba Unit Wise Details '!$C$4:$L$67,10,FALSE) -> #N/A | O94: =Table2[[#This Row],[Column2]]-Table2[[#This Row],[Price]] -> #N/A | P94: =Table2[[#This Row],[Price]]/Table2[[#This Row],[Total Area (Sq.ft)]] -> 8068.4014 | Q94: =Table2[[#This Row],[Price]]/Table2[[#This Row],[Sellable Area (Sq. ft)]] -> 11450
A95: =IF(Table2[[#This Row],[Unit ]]="","","2 Bedroom") -> 2 Bedroom | B95: Available | C95: ='Launches Residences'!F60 -> 5203 | D95: =LEFT(Table2[[#This Row],[Unit ]],2) -> 52 | E95: =IF(Table2[[#This Row],[Unit ]]="","",_xlfn.XLOOKUP(Table2[[#This Row],[Type]],'Muraba Veil Sale Summary'!A:A,'Muraba Veil Sale Summary'!P:P)) -> 2 | F95: =IF(Table2[[#This Row],[Unit ]]="","",_xlfn.XLOOKUP(Table2[[#This Row],[Type]],'Muraba Veil Sale Summary'!$A:$A,'Muraba Veil Sale Summary'!F:F)) -> 2218.7649 | G95: =IF(Table2[[#This Row],[Unit ]]="","",_xlfn.XLOOKUP(Table2[[#This Row],[Type]],'Muraba Veil Sale Summary'!$A:$A,'Muraba Veil Sale Summary'!G:G)) -> 1619.3227 | H95: =IFERROR(F95+G95,0) -> 3838.0875 | I95: ='Launches Residences'!$U$7 -> 0.3 | J95: =IF(Table2[[#This Row],[Unit ]]="","",F95+(G95*Table2[[#This Row],[Terrace Area]])) -> 2704.5617 | K95: =_xlfn.XLOOKUP(Table2[[#This Row],[Unit ]],'Launches Residences'!$F$15:$F$71,'Launches Residences'!$J$15:$J$71) -> 11450 | L95: =IFERROR(J95*K95,0) -> 30967231 | M95: =Table2[[#This Row],[Price/Sq.ft]] -> 11450 | N95: =VLOOKUP(Table2[[#This Row],[Unit ]],'[1]Muraba Unit Wise Details '!$C$4:$L$67,10,FALSE) -> #N/A | O95: =Table2[[#This Row],[Column2]]-Table2[[#This Row],[Price]] -> #N/A | P95: =Table2[[#This Row],[Price]]/Table2[[#This Row],[Total Area (Sq.ft)]] -> 8068.4014 | Q95: =Table2[[#This Row],[Price]]/Table2[[#This Row],[Sellable Area (Sq. ft)]] -> 11450
A96: =IF(Table2[[#This Row],[Unit ]]="","","2 Bedroom") -> 2 Bedroom | B96: Available | C96: ='Launches Residences'!E61 -> 5302 | D96: =LEFT(Table2[[#This Row],[Unit ]],2) -> 53 | E96: =IF(Table2[[#This Row],[Unit ]]="","",_xlfn.XLOOKUP(Table2[[#This Row],[Type]],'Muraba Veil Sale Summary'!A:A,'Muraba Veil Sale Summary'!P:P)) -> 2 | F96: =IF(Table2[[#This Row],[Unit ]]="","",_xlfn.XLOOKUP(Table2[[#This Row],[Type]],'Muraba Veil Sale Summary'!$A:$A,'Muraba Veil Sale Summary'!F:F)) -> 2218.7649 | G96: =IF(Table2[[#This Row],[Unit ]]="","",_xlfn.XLOOKUP(Table2[[#This Row],[Type]],'Muraba Veil Sale Summary'!$A:$A,'Muraba Veil Sale Summary'!G:G)) -> 1619.3227 | H96: =IFERROR(F96+G96,0) -> 3838.0875 | I96: ='Launches Residences'!$U$7 -> 0.3 | J96: =IF(Table2[[#This Row],[Unit ]]="","",F96+(G96*Table2[[#This Row],[Terrace Area]])) -> 2704.5617 | K96: =_xlfn.XLOOKUP(Table2[[#This Row],[Unit ]],'Launches Residences'!$E$15:$E$71,'Launches Residences'!$I$15:$I$71) -> 11600 | L96: =IFERROR(J96*K96,0) -> 31372915 | M96: =Table2[[#This Row],[Price/Sq.ft]] -> 11600 | N96: =VLOOKUP(Table2[[#This Row],[Unit ]],'[1]Muraba Unit Wise Details '!$C$4:$L$67,10,FALSE) -> #N/A | O96: =Table2[[#This Row],[Column2]]-Table2[[#This Row],[Price]] -> #N/A | P96: =Table2[[#This Row],[Price]]/Table2[[#This Row],[Total Area (Sq.ft)]] -> 8174.101 | Q96: =Table2[[#This Row],[Price]]/Table2[[#This Row],[Sellable Area (Sq. ft)]] -> 11600
A97: =IF(Table2[[#This Row],[Unit ]]="","","2 Bedroom") -> 2 Bedroom | B97: Available | C97: ='Launches Residences'!F61 -> 5303 | D97: =LEFT(Table2[[#This Row],[Unit ]],2) -> 53 | E97: =IF(Table2[[#This Row],[Unit ]]="","",_xlfn.XLOOKUP(Table2[[#This Row],[Type]],'Muraba Veil Sale Summary'!A:A,'Muraba Veil Sale Summary'!P:P)) -> 2 | F97: =IF(Table2[[#This Row],[Unit ]]="","",_xlfn.XLOOKUP(Table2[[#This Row],[Type]],'Muraba Veil Sale Summary'!$A:$A,'Muraba Veil Sale Summary'!F:F)) -> 2218.7649 | G97: =IF(Table2[[#This Row],[Unit ]]="","",_xlfn.XLOOKUP(Table2[[#This Row],[Type]],'Muraba Veil Sale Summary'!$A:$A,'Muraba Veil Sale Summary'!G:G)) -> 1619.3227 | H97: =IFERROR(F97+G97,0) -> 3838.0875 | I97: ='Launches Residences'!$U$7 -> 0.3 | J97: =IF(Table2[[#This Row],[Unit ]]="","",F97+(G97*Table2[[#This Row],[Terrace Area]])) -> 2704.5617 | K97: =_xlfn.XLOOKUP(Table2[[#This Row],[Unit ]],'Launches Residences'!$F$15:$F$71,'Launches Residences'!$J$15:$J$71) -> 11600 | L97: =IFERROR(J97*K97,0) -> 31372915 | M97: =Table2[[#This Row],[Price/Sq.ft]] -> 11600 | N97: =VLOOKUP(Table2[[#This Row],[Unit ]],'[1]Muraba Unit Wise Details '!$C$4:$L$67,10,FALSE) -> #N/A | O97: =Table2[[#This Row],[Column2]]-Table2[[#This Row],[Price]] -> #N/A | P97: =Table2[[#This Row],[Price]]/Table2[[#This Row],[Total Area (Sq.ft)]] -> 8174.101 | Q97: =Table2[[#This Row],[Price]]/Table2[[#This Row],[Sellable Area (Sq. ft)]] -> 11600
A98: =IF(Table2[[#This Row],[Unit ]]="","","2 Bedroom") -> 2 Bedroom | B98: Available | C98: ='Launches Residences'!E62 -> 5402 | D98: =LEFT(Table2[[#This Row],[Unit ]],2) -> 54 | E98: =IF(Table2[[#This Row],[Unit ]]="","",_xlfn.XLOOKUP(Table2[[#This Row],[Type]],'Muraba Veil Sale Summary'!A:A,'Muraba Veil Sale Summary'!P:P)) -> 2 | F98: =IF(Table2[[#This Row],[Unit ]]="","",_xlfn.XLOOKUP(Table2[[#This Row],[Type]],'Muraba Veil Sale Summary'!$A:$A,'Muraba Veil Sale Summary'!F:F)) -> 2218.7649 | G98: =IF(Table2[[#This Row],[Unit ]]="","",_xlfn.XLOOKUP(Table2[[#This Row],[Type]],'Muraba Veil Sale Summary'!$A:$A,'Muraba Veil Sale Summary'!G:G)) -> 1619.3227 | H98: =IFERROR(F98+G98,0) -> 3838.0875 | I98: ='Launches Residences'!$U$7 -> 0.3 | J98: =IF(Table2[[#This Row],[Unit ]]="","",F98+(G98*Table2[[#This Row],[Terrace Area]])) -> 2704.5617 | K98: =_xlfn.XLOOKUP(Table2[[#This Row],[Unit ]],'Launches Residences'!$E$15:$E$71,'Launches Residences'!$I$15:$I$71) -> 11750 | L98: =IFERROR(J98*K98,0) -> 31778599 | M98: =Table2[[#This Row],[Price/Sq.ft]] -> 11750 | N98: =VLOOKUP(Table2[[#This Row],[Unit ]],'[1]Muraba Unit Wise Details '!$C$4:$L$67,10,FALSE) -> #N/A | O98: =Table2[[#This Row],[Column2]]-Table2[[#This Row],[Price]] -> #N/A | P98: =Table2[[#This Row],[Price]]/Table2[[#This Row],[Total Area (Sq.ft)]] -> 8279.8006 | Q98: =Table2[[#This Row],[Price]]/Table2[[#This Row],[Sellable Area (Sq. ft)]] -> 11750
A99: =IF(Table2[[#This Row],[Unit ]]="","","2 Bedroom") -> 2 Bedroom | B99: Available | C99: ='Launches Residences'!F62 -> 5403 | D99: =LEFT(Table2[[#This Row],[Unit ]],2) -> 54 | E99: =IF(Table2[[#This Row],[Unit ]]="","",_xlfn.XLOOKUP(Table2[[#This Row],[Type]],'Muraba Veil Sale Summary'!A:A,'Muraba Veil Sale Summary'!P:P)) -> 2 | F99: =IF(Table2[[#This Row],[Unit ]]="","",_xlfn.XLOOKUP(Table2[[#This Row],[Type]],'Muraba Veil Sale Summary'!$A:$A,'Muraba Veil Sale Summary'!F:F)) -> 2218.7649 | G99: =IF(Table2[[#This Row],[Unit ]]="","",_xlfn.XLOOKUP(Table2[[#This Row],[Type]],'Muraba Veil Sale Summary'!$A:$A,'Muraba Veil Sale Summary'!G:G)) -> 1619.3227 | H99: =IFERROR(F99+G99,0) -> 3838.0875 | I99: ='Launches Residences'!$U$7 -> 0.3 | J99: =IF(Table2[[#This Row],[Unit ]]="","",F99+(G99*Table2[[#This Row],[Terrace Area]])) -> 2704.5617 | K99: =_xlfn.XLOOKUP(Table2[[#This Row],[Unit ]],'Launches Residences'!$F$15:$F$71,'Launches Residences'!$J$15:$J$71) -> 11750 | L99: =IFERROR(J99*K99,0) -> 31778599 | M99: =Table2[[#This Row],[Price/Sq.ft]] -> 11750 | N99: =VLOOKUP(Table2[[#This Row],[Unit ]],'[1]Muraba Unit Wise Details '!$C$4:$L$67,10,FALSE) -> #N/A | O99: =Table2[[#This Row],[Column2]]-Table2[[#This Row],[Price]] -> #N/A | P99: =Table2[[#This Row],[Price]]/Table2[[#This Row],[Total Area (Sq.ft)]] -> 8279.8006 | Q99: =Table2[[#This Row],[Price]]/Table2[[#This Row],[Sellable Area (Sq. ft)]] -> 11750
A100: =IF(Table2[[#This Row],[Unit ]]="","","2 Bedroom") -> 2 Bedroom | B100: Available | C100: ='Launches Residences'!E63 -> 5502 | D100: =LEFT(Table2[[#This Row],[Unit ]],2) -> 55 | E100: =IF(Table2[[#This Row],[Unit ]]="","",_xlfn.XLOOKUP(Table2[[#This Row],[Type]],'Muraba Veil Sale Summary'!A:A,'Muraba Veil Sale Summary'!P:P)) -> 2 | F100: =IF(Table2[[#This Row],[Unit ]]="","",_xlfn.XLOOKUP(Table2[[#This Row],[Type]],'Muraba Veil Sale Summary'!$A:$A,'Muraba Veil Sale Summary'!F:F)) -> 2218.7649 | G100: =IF(Table2[[#This Row],[Unit ]]="","",_xlfn.XLOOKUP(Table2[[#This Row],[Type]],'Muraba Veil Sale Summary'!$A:$A,'Muraba Veil Sale Summary'!G:G)) -> 1619.3227 | H100: =IFERROR(F100+G100,0) -> 3838.0875 | I100: ='Launches Residences'!$U$7 -> 0.3 | J100: =IF(Table2[[#This Row],[Unit ]]="","",F100+(G100*Table2[[#This Row],[Terrace Area]])) -> 2704.5617 | K100: =_xlfn.XLOOKUP(Table2[[#This Row],[Unit ]],'Launches Residences'!$E$15:$E$71,'Launches Residences'!$I$15:$I$71) -> 11900 | L100: =IFERROR(J100*K100,0) -> 32184284 | M100: =Table2[[#This Row],[Price/Sq.ft]] -> 11900 | N100: =VLOOKUP(Table2[[#This Row],[Unit ]],'[1]Muraba Unit Wise Details '!$C$4:$L$67,10,FALSE) -> #N/A | O100: =Table2[[#This Row],[Column2]]-Table2[[#This Row],[Price]] -> #N/A | P100: =Table2[[#This Row],[Price]]/Table2[[#This Row],[Total Area (Sq.ft)]] -> 8385.5002 | Q100: =Table2[[#This Row],[Price]]/Table2[[#This Row],[Sellable Area (Sq. ft)]] -> 11900
A101: =IF(Table2[[#This Row],[Unit ]]="","","2 Bedroom") -> 2 Bedroom | B101: Available | C101: ='Launches Residences'!F63 -> 5503 | D101: =LEFT(Table2[[#This Row],[Unit ]],2) -> 55 | E101: =IF(Table2[[#This Row],[Unit ]]="","",_xlfn.XLOOKUP(Table2[[#This Row],[Type]],'Muraba Veil Sale Summary'!A:A,'Muraba Veil Sale Summary'!P:P)) -> 2 | F101: =IF(Table2[[#This Row],[Unit ]]="","",_xlfn.XLOOKUP(Table2[[#This Row],[Type]],'Muraba Veil Sale Summary'!$A:$A,'Muraba Veil Sale Summary'!F:F)) -> 2218.7649 | G101: =IF(Table2[[#This Row],[Unit ]]="","",_xlfn.XLOOKUP(Table2[[#This Row],[Type]],'Muraba Veil Sale Summary'!$A:$A,'Muraba Veil Sale Summary'!G:G)) -> 1619.3227 | H101: =IFERROR(F101+G101,0) -> 3838.0875 | I101: ='Launches Residences'!$U$7 -> 0.3 | J101: =IF(Table2[[#This Row],[Unit ]]="","",F101+(G101*Table2[[#This Row],[Terrace Area]])) -> 2704.5617 | K101: =_xlfn.XLOOKUP(Table2[[#This Row],[Unit ]],'Launches Residences'!$F$15:$F$71,'Launches Residences'!$J$15:$J$71) -> 11900 | L101: =IFERROR(J101*K101,0) -> 32184284 | M101: =Table2[[#This Row],[Price/Sq.ft]] -> 11900 | N101: =VLOOKUP(Table2[[#This Row],[Unit ]],'[1]Muraba Unit Wise Details '!$C$4:$L$67,10,FALSE) -> #N/A | O101: =Table2[[#This Row],[Column2]]-Table2[[#This Row],[Price]] -> #N/A | P101: =Table2[[#This Row],[Price]]/Table2[[#This Row],[Total Area (Sq.ft)]] -> 8385.5002 | Q101: =Table2[[#This Row],[Price]]/Table2[[#This Row],[Sellable Area (Sq. ft)]] -> 11900
...

Sheet Building  Usman
D2: MURABA VEIL - PRICING | J2: MURABA VEIL - PRICING
C4: LEVELS | D4: UNITS | I4: LEVELS | J4: UNITS
C5: 73 | D5: ROOF POOL, RESTAURANT | I5: 73 | J5: ROOF POOL, RESTAURANT
C6: 72 | I6: 72
C7: 71 | I7: 71
C8: 70 | I8: 70
C9: 69 | D9: 6901- 5BD PH | I9: 69 | J9: 6901- 5BD PH
C10: 68 | I10: 68
C11: 67 | D11: MEP-6 | I11: 67 | J11: MEP-6
C12: 66 | D12: 6501-3BR DPLX | E12: 6502-4BR DPLX | I12: 66 | J12: 6501-3BR DPLX | K12: 6502-4BR DPLX
C13: 65 | I13: 65
C14: 64 | D14: 6301-3BR DPLX | E14: 6302-4R DPLX | I14: 64 | J14: 6301-3BR DPLX | K14: 6302-4R DPLX
C15: 63 | I15: 63
C16: 62 | D16: 6101-3BR DPLX | E16: 6102-4BR DPLX | I16: 62 | J16: 6101-3BR DPLX | K16: 6102-4BR DPLX
C17: 61 | I17: 61
C18: 60 | D18: 5901-3BR DPLX | E18: 5902-4BR DPLX | I18: 60 | J18: 5901-3BR DPLX | K18: 5902-4BR DPLX
C19: 59 | I19: 59
C20: 58 | D20: MEP-5 | I20: 58 | J20: MEP-5
C21: 57 | D21: 5701-4BR XL | I21: 57 | J21: 5701-4BR XL
C22: 56 | D22: 5601-4BR XL | I22: 56 | J22: 5601-4BR XL
C23: 55 | D23: 5501-4BR XL | I23: 55 | J23: 5501-4BR XL
C24: 54 | D24: 5401-4BR XL | I24: 54 | J24: 5401-4BR XL
C25: 53 | D25: 5301-4BR - XL | I25: 53 | J25: 5301-4BR - XL
C26: 52 | D26: 5201-4BR - XL | I26: 52 | J26: 5201-4BR - XL
C27: 51 | D27: 5101-4BR - XL | I27: 51 | J27: 5101-4BR - XL
C28: 50 | D28: MEP-4 | I28: 50 | J28: MEP-4
C29: 49 | D29: 4901-3BR P | E29: 4902-4BR P | I29: 49 | J29: 4901-3BR P | K29: 4902-4BR P
C30: 48 | D30: 4801-3BR P | E30: 4802-4BR P | I30: 48 | J30: 4801-3BR P | K30: 4802-4BR P
C31: 47 | D31: 4701-3BR P | E31: 4702-3BR P | I31: 47 | J31: 4701-3BR P | K31: 4702-3BR P
C32: 46 | D32: 4601-3BR P | E32: 4602-4BR P | I32: 46 | J32: 4601-3BR P | K32: 4602-4BR P
C33: 45 | D33: 4501-3BR P | E33: 4502-4BR P | I33: 45 | J33: 4501-3BR P | K33: 4502-4BR P
C34: 44 | D34: 4401-3BR P | E34: 4402-4BR P | I34: 44 | J34: 4401-3BR P | K34: 4402-4BR P
C35: 43 | D35: 4301-3BR P | E35: 4302-4BR P | I35: 43 | J35: 4301-3BR P | K35: 4302-4BR P
C36: 42 | D36: 4201-3BR P - Sold | E36: 4202-4BR P | I36: 42 | J36: 4201-3BR P - Sold | K36: 4202-4BR P
C37: 41 | D37: 4101-3BR P - Sold | E37: 4102-4BR P | I37: 41 | J37: 4101-3BR P - Sold | K37: 4102-4BR P
C38: 40 | D38: 4001-3BR P - Sold | E38: 4002-4BR P | I38: 40 | J38: 4001-3BR P - Sold | K38: 4002-4BR P
C39: 39 | D39: 3901-3BR P | E39: 3902-4BR P | I39: 39 | J39: 3901-3BR P | K39: 3902-4BR P
C40: 38 | D40: 3801-3BR P | E40: 3802-4BR P | I40: 38 | J40: 3801-3BR P | K40: 3802-4BR P
... C43: 35 | D43: 3501-3BR P - IAG Sold | E43: 3502-3BR P | I43: 35 | J43: 3501-3BR P - IAG Sold | K43: 3502-3BR P
A44: Sold Units: 41 | C44: 34 | D44: 3401-3BR P - Sold | E44: 3402-4BR P | I44: 34 | J44: 3401-3BR P - Sold | K44: 3402-4BR P
A45: IAG Units: 4 | C45: 33 | D45: 3301-3BR P - Sold | E45: 3302-4BR P - Sold | I45: 33 | J45: 3301-3BR P - Sold | K45: 3302-4BR P - Sold
A46: Total Sold: 45 | C46: 32 | D46: MEP-3 | I46: 32 | J46: MEP-3
C47: 31 | D47: MAJILIS -MEETING ROOMS | I47: 31 | J47: MAJILIS -MEETING ROOMS
C48: 30 | D48: 3001-3BR - IAG Sold | E48: 3002-2 BR | F48: 3003-2 BR - IAG Sold | I48: 30 | J48: 3001-3BR - IAG Sold | K48: 3002-2 BR | L48: 3003-2 BR - IAG Sold
C49: 29 | D49: 2901-3BR - Sold | E49: 2902-2 BR | F49: 2903-2 BR | I49: 29 | J49: 2901-3BR - Sold | K49: 2902-2 BR | L49: 2903-2 BR
C50: 28 | D50: 2801-3BR - Sold | E50: 2802-2 BR - Sold | F50: 2803-2 BR | I50: 28 | J50: 2801-3BR - Sold | K50: 2802-2 BR - Sold | L50: 2803-2 BR
C51: 27 | D51: 2701-3BR - Sold | E51: 2702-2 BR | F51: 2703-2 BR | I51: 27 | J51: 2701-3BR - Sold | K51: 2702-2 BR | L51: 2703-2 BR
C52: 26 | D52: 2601-3BR - Sold | E52: 2602-2 BR | F52: 2603-2 BR | I52: 26 | J52: 2601-3BR - Sold | K52: 2602-2 BR | L52: 2603-2 BR
C53: 25 | D53: 2501-3BR - Sold | E53: 2502-2 BR | F53: 2503-2 BR | I53: 25 | J53: 2501-3BR - Sold | K53: 2502-2 BR | L53: 2503-2 BR
C54: 24 | D54: 2401-3BR - Sold | E54: 2402-2 BR | F54: 2403-2 BR | I54: 24 | J54: 2401-3BR - Sold | K54: 2402-2 BR | L54: 2403-2 BR
C55: 23 | D55: 2301-3BR | E55: 2302-2 BR | F55: 2303-2 BR | I55: 23 | J55: 2301-3BR | K55: 2302-2 BR | L55: 2303-2 BR
C56: 22 | D56: 2201-3BR | E56: 2202-2 BR | F56: 2203-2 BR | I56: 22 | J56: 2201-3BR | K56: 2202-2 BR | L56: 2203-2 BR
C57: 21 | D57: 2101-3BR | E57: 2102-2 BR - Sold | F57: 2103-2 BR | I57: 21 | J57: 2101-3BR | K57: 2102-2 BR - Sold | L57: 2103-2 BR
C58: 20 | D58: 2001-3BR | E58: 2002-2 BR - Sold | F58: 2003-2 BR - Sold | I58: 20 | J58: 2001-3BR | K58: 2002-2 BR - Sold | L58: 2003-2 BR - Sold
C59: 19 | D59: 1901-3BR | E59: 1902-2 BR | F59: 1903-2 BR | I59: 19 | J59: 1901-3BR | K59: 1902-2 BR | L59: 1903-2 BR
... C67: 11 | D67: 1101-3BR - Sold | E67: 1102-2 BR - Sold | F67: 1103-2 BR | I67: 11 | J67: 1101-3BR - Sold | K67: 1102-2 BR - Sold | L67: 1103-2 BR
C68: 10 | D68: MEP-2 | I68: 10 | J68: MEP-2
C69: 9 | D69: 901-3BR - Sold | E69: 902-2BR | F69: 903 -2BR | I69: 9 | J69: 901-3BR - Sold | K69: 902-2BR | L69: 903 -2BR
C70: 8 | D70: 801-3BR - Sold | E70: 802-2BR - Sold | F70: 803 -2BR - Sold | I70: 8 | J70: 801-3BR - Sold | K70: 802-2BR - Sold | L70: 803 -2BR - Sold
C71: 7 | D71: 701-3BR - Sold | E71: 702-2BR - Sold | F71: 703-2BR | I71: 7 | J71: 701-3BR - Sold | K71: 702-2BR - Sold | L71: 703-2BR
C72: 6 | D72: 601-3BR - Sold | E72: 602-2BR | F72: 603 2BR - Sold | I72: 6 | J72: 601-3BR - Sold | K72: 602-2BR | L72: 603 2BR - Sold
C73: 5 | D73: 501-3BR - Sold | E73: 502-2BR - Sold | F73: 503-2BR | I73: 5 | J73: 501-3BR - Sold | K73: 502-2BR - Sold | L73: 503-2BR
C74: 4 | D74: 401-3BR - Sold | E74: 402-2BR - IAG Sold | F74: 403-2BR - Sold | I74: 4 | J74: 401-3BR - Sold | K74: 402-2BR - IAG Sold | L74: 403-2BR - Sold
C75: 3 | D75: 301-3BR - Sold | E75: 302-2BR - Sold | F75: 303-2BR - Sold | I75: 3 | J75: 301-3BR - Sold | K75: 302-2BR - Sold | L75: 303-2BR - Sold
C76: 2 | I76: 2
C77: 1 | D77: MEP-1 | I77: 1 | J77: MEP-1

Sheet Launches Residences
G2: 2 Bed Room | I2: 3 Bedroom
F3: Launch 1 | G3: =4450+100+150 -> 4700 | H3: 100 | I3: 5300 | K3: 65 | M3: 6400 | O3: =M3-G3 -> 1700 | U3: 3rd-12th | V3: 13th-18th | W3: 19th-27th
F4: Launch 2 | G4: =G3*1.05 -> 4935 | H4: 53.033156 | I4: =I3*1.05 -> 5565 | K4: 52.350703 | S4: Ascending - 2 Bedroom | U4: 150 | W4: 75
F5: Launch 3 | G5: =G4*1.07 -> 5280.45 | H5: 53.033156 | I5: =I4*1.07 -> 5954.55 | K5: 52.350703 | S5: Ascending - 3 Bedroom | U5: 150
S6: Pool & Height Premium | U6: 275
F7: Average | G7: =AVERAGE(G3:G6) -> 4971.8167 | H7: =SUM(H3:H6) -> 206.06631 | I7: =AVERAGE(I3:I6) -> 5606.5167 | K7: =SUM(K3:K6) -> 169.70141 | S7: Terrace rate as percantage of internal | U7: 0.3
Q9: =Q15*0.96 -> 11294249
G12: Launch 1
E13: 02 series | F13: 03 series | H13: Rate | K13: 3 BR | O13: 2 BR | R13: 2 BR
C14: Status | D14: 3 Bedroom | E14: 2 Bedroom | F14: 2 Bedroom | G14: Floor | H14: 3 Bedroom | I14: 2 Bedroom (02) | J14: 2 Bedroom (03) | K14: Internal | L14: Terrace | M14: Total | O14: Internal | P14: Terrace | Q14: Total | R14: Internal | S14: Terrace | T14: Total | U14: Floor Total
C15: Current | D15: 301 | E15: 302 | F15: 303 | G15: 3 | H15: 4350 | I15: 4350 | J15: 4350 | K15: =IFERROR(H15*'Muraba Veil Sale Summary'!$F$8,0) -> 12530306 | L15: =IFERROR(H15*$U$7*'Muraba Veil Sale Summary'!$G$8,0) -> 2686891.6 | M15: =L15+K15 -> 15217197 | O15: =IFERROR(I15*'Muraba Veil Sale Summary'!$F$6,0) -> 9651627.1 | P15: =IFERROR($U$7*'Muraba Veil Sale Summary'!$G$6*I15,0) -> 2113216.1 | Q15: =O15+P15 -> 11764843 | R15: =J15*'Muraba Veil Sale Summary'!$F$6 -> 9651627.1 | S15: =J15*$U$7*'Muraba Veil Sale Summary'!$G$6 -> 2113216.1 | T15: =R15+S15 -> 11764843 | U15: =M15+Q15+T15 -> 38746884 | W15: =T15-Q15 -> 0
A16: =J16-J15 -> 99.999865 | C16: Current | D16: =+D15+100 -> 401 | E16: =+E15+100 -> 402 | F16: =+F15+100 -> 403 | G16: =G15+1 -> 4 | H16: 4650 | I16: 4227.4999 | J16: 4449.9999 | K16: =IFERROR(H16*'Muraba Veil Sale Summary'!$F$8,0) -> 13394465 | L16: =IFERROR(H16*$U$7*'Muraba Veil Sale Summary'!$G$8,0) -> 2872194.5 | M16: =L16+K16 -> 16266659 | O16: =IFERROR(I16*'Muraba Veil Sale Summary'!$F$6,0) -> 9379828.1 | P16: =IFERROR($U$7*'Muraba Veil Sale Summary'!$G$6*I16,0) -> 2053705.9 | Q16: =O16+P16 -> 11433534 | R16: =J16*'Muraba Veil Sale Summary'!$F$6 -> 9873503.3 | S16: =J16*$U$7*'Muraba Veil Sale Summary'!$G$6 -> 2161795.7 | T16: =R16+S16 -> 12035299 | U16: =M16+Q16+T16 -> 39735492 | W16: =T16-Q16 -> 601765
A17: =J17-J16 -> 100.00031 | C17: Current | D17: =+D16+100 -> 501 | E17: =+E16+100 -> 502 | F17: =+F16+100 -> 503 | G17: =G16+1 -> 5 | H17: 4550 | I17: 4550.0002 | J17: 4550.0002 | K17: =IFERROR(H17*'Muraba Veil Sale Summary'!$F$8,0) -> 13106412 | L17: =IFERROR(H17*$U$7*'Muraba Veil Sale Summary'!$G$8,0) -> 2810426.9 | M17: =L17+K17 -> 15916839 | O17: =IFERROR(I17*'Muraba Veil Sale Summary'!$F$6,0) -> 10095380 | P17: =IFERROR($U$7*'Muraba Veil Sale Summary'!$G$6*I17,0) -> 2210375.5 | Q17: =O17+P17 -> 12305756 | R17: =J17*'Muraba Veil Sale Summary'!$F$6 -> 10095380 | S17: =J17*$U$7*'Muraba Veil Sale Summary'!$G$6 -> 2210375.5 | T17: =R17+S17 -> 12305756 | U17: =M17+Q17+T17 -> 40528351 | W17: =T17-Q17 -> 0
A18: =J18-J17 -> 499.99983 | C18: Current | D18: =+D17+100 -> 601 | E18: =+E17+100 -> 602 | F18: =+F17+100 -> 603 | G18: =G17+1 -> 6 | H18: 4850 | I18: 5150 | J18: 5050 | K18: =IFERROR(H18*'Muraba Veil Sale Summary'!$F$8,0) -> 13970571 | L18: =IFERROR(H18*$U$7*'Muraba Veil Sale Summary'!$G$8,0) -> 2995729.7 | M18: =L18+K18 -> 16966301 | O18: =IFERROR(I18*'Muraba Veil Sale Summary'!$F$6,0) -> 11426639 | P18: =IFERROR($U$7*'Muraba Veil Sale Summary'!$G$6*I18,0) -> 2501853.5 | Q18: =O18+P18 -> 13928493 | R18: =J18*'Muraba Veil Sale Summary'!$F$6 -> 11204762 | S18: =J18*$U$7*'Muraba Veil Sale Summary'!$G$6 -> 2453273.9 | T18: =R18+S18 -> 13658036 | U18: =M18+Q18+T18 -> 44552829 | W18: =T18-Q18 -> -270456.17
A19: =J19-J18 -> -300 | C19: Current | D19: =+D18+100 -> 701 | E19: =+E18+100 -> 702 | F19: =+F18+100 -> 703 | G19: =G18+1 -> 7 | H19: 4850 | I19: 4750 | J19: 4750 | K19: =IFERROR(H19*'Muraba Veil Sale Summary'!$F$8,0) -> 13970571 | L19: =IFERROR(H19*$U$7*'Muraba Veil Sale Summary'!$G$8,0) -> 2995729.7 | M19: =L19+K19 -> 16966301 | O19: =IFERROR(I19*'Muraba Veil Sale Summary'!$F$6,0) -> 10539133 | P19: =IFERROR($U$7*'Muraba Veil Sale Summary'!$G$6*I19,0) -> 2307534.8 | Q19: =O19+P19 -> 12846668 | R19: =J19*'Muraba Veil Sale Summary'!$F$6 -> 10539133 | S19: =J19*$U$7*'Muraba Veil Sale Summary'!$G$6 -> 2307534.8 | T19: =R19+S19 -> 12846668 | U19: =M19+Q19+T19 -> 42659636 | W19: =T19-Q19 -> 0
A20: =J20-J19 -> 51.571848 | C20: Current | D20: =+D19+100 -> 801 | E20: =+E19+100 -> 802 | F20: =+F19+100 -> 803 | G20: =G19+1 -> 8 | H20: 4902.2992 | I20: 4801.5718 | J20: 4801.5718 | K20: =IFERROR(H20*'Muraba Veil Sale Summary'!$F$8,0) -> 14121220 | L20: =IFERROR(H20*$U$7*'Muraba Veil Sale Summary'!$G$8,0) -> 3028033.7 | M20: =L20+K20 -> 17149254 | O20: =IFERROR(I20*'Muraba Veil Sale Summary'!$F$6,0) -> 10653559 | P20: =IFERROR($U$7*'Muraba Veil Sale Summary'!$G$6*I20,0) -> 2332588.3 | Q20: =O20+P20 -> 12986147 | R20: =J20*'Muraba Veil Sale Summary'!$F$6 -> 10653559 | S20: =J20*$U$7*'Muraba Veil Sale Summary'!$G$6 -> 2332588.3 | T20: =R20+S20 -> 12986147 | U20: =M20+Q20+T20 -> 43121548 | W20: =T20-Q20 -> 0
A21: =J21-J20 -> 798.42815 | C21: Current | D21: =+D20+100 -> 901 | E21: =+E20+100 -> 902 | F21: =+F20+100 -> 903 | G21: =G20+1 -> 9 | H21: 4950 | I21: 5600 | J21: 5600 | K21: =IFERROR(H21*'Muraba Veil Sale Summary'!$F$8,0) -> 14258624 | L21: =IFERROR(H21*$U$7*'Muraba Veil Sale Summary'!$G$8,0) -> 3057497.4 | M21: =L21+K21 -> 17316121 | O21: =IFERROR(I21*'Muraba Veil Sale Summary'!$F$6,0) -> 12425083 | P21: =IFERROR($U$7*'Muraba Veil Sale Summary'!$G$6*I21,0) -> 2720462.1 | Q21: =O21+P21 -> 15145545 | R21: =J21*'Muraba Veil Sale Summary'!$F$6 -> 12425083 | S21: =J21*$U$7*'Muraba Veil Sale Summary'!$G$6 -> 2720462.1 | T21: =R21+S21 -> 15145545 | U21: =M21+Q21+T21 -> 47607212 | W21: =T21-Q21 -> 0
A22: =J22-J21 -> -550 | C22: Current | D22: =D21+200 -> 1101 | E22: =E21+200 -> 1102 | F22: =F21+200 -> 1103 | G22: 11 | H22: 5350 | I22: 5050 | J22: 5050 | K22: =IFERROR(H22*'Muraba Veil Sale Summary'!$F$8,0) -> 15410836 | L22: =IFERROR(H22*$U$7*'Muraba Veil Sale Summary'!$G$8,0) -> 3304567.9 | M22: =L22+K22 -> 18715404 | O22: =IFERROR(I22*'Muraba Veil Sale Summary'!$F$6,0) -> 11204762 | P22: =IFERROR($U$7*'Muraba Veil Sale Summary'!$G$6*I22,0) -> 2453273.9 | Q22: =O22+P22 -> 13658036 | R22: =J22*'Muraba Veil Sale Summary'!$F$6 -> 11204762 | S22: =J22*$U$7*'Muraba Veil Sale Summary'!$G$6 -> 2453273.9 | T22: =R22+S22 -> 13658036 | U22: =M22+Q22+T22 -> 46031476 | W22: =T22-Q22 -> 0
A23: =J23-J22 -> 850 | C23: Current | D23: =+D22+100 -> 1201 | E23: =+E22+100 -> 1202 | F23: =+F22+100 -> 1203 | G23: =G22+1 -> 12 | H23: 5150 | I23: 5900 | J23: 5900 | K23: =IFERROR(H23*'Muraba Veil Sale Summary'!$F$8,0) -> 14834730 | L23: =IFERROR(H23*$U$7*'Muraba Veil Sale Summary'!$G$8,0) -> 3181032.6 | M23: =L23+K23 -> 18015762 | O23: =IFERROR(I23*'Muraba Veil Sale Summary'!$F$6,0) -> 13090713 | P23: =IFERROR($U$7*'Muraba Veil Sale Summary'!$G$6*I23,0) -> 2866201.1 | Q23: =O23+P23 -> 15956914 | R23: =J23*'Muraba Veil Sale Summary'!$F$6 -> 13090713 | S23: =J23*$U$7*'Muraba Veil Sale Summary'!$G$6 -> 2866201.1 | T23: =R23+S23 -> 15956914 | U23: =M23+Q23+T23 -> 49929590 | W23: =T23-Q23 -> 0
A24: =J24-J23 -> 150 | C24: Current | D24: =+D23+100 -> 1301 | E24: =+E23+100 -> 1302 | F24: =+F23+100 -> 1303 | G24: =G23+1 -> 13 | H24: 5700 | I24: 6050 | J24: 6050 | K24: =IFERROR(H24*'Muraba Veil Sale Summary'!$F$8,0) -> 16419021 | L24: =IFERROR(H24*$U$7*'Muraba Veil Sale Summary'!$G$8,0) -> 3520754.5 | M24: =L24+K24 -> 19939776 | O24: =IFERROR(I24*'Muraba Veil Sale Summary'!$F$6,0) -> 13423527 | P24: =IFERROR($U$7*'Muraba Veil Sale Summary'!$G$6*I24,0) -> 2939070.7 | Q24: =O24+P24 -> 16362598 | R24: =J24*'Muraba Veil Sale Summary'!$F$6 -> 13423527 | S24: =J24*$U$7*'Muraba Veil Sale Summary'!$G$6 -> 2939070.7 | T24: =R24+S24 -> 16362598 | U24: =M24+Q24+T24 -> 52664972 | W24: =T24-Q24 -> 0
A25: =J25-J24 -> 150 | C25: Current | D25: =+D24+100 -> 1401 | E25: =+E24+100 -> 1402 | F25: =+F24+100 -> 1403 | G25: =G24+1 -> 14 | H25: 5850 | I25: 6200 | J25: 6200 | K25: =IFERROR(H25*'Muraba Veil Sale Summary'!$F$8,0) -> 16851101 | L25: =IFERROR(H25*$U$7*'Muraba Veil Sale Summary'!$G$8,0) -> 3613406 | M25: =L25+K25 -> 20464507 | O25: =IFERROR(I25*'Muraba Veil Sale Summary'!$F$6,0) -> 13756342 | P25: =IFERROR($U$7*'Muraba Veil Sale Summary'!$G$6*I25,0) -> 3011940.2 | Q25: =O25+P25 -> 16768282 | R25: =J25*'Muraba Veil Sale Summary'!$F$6 -> 13756342 | S25: =J25*$U$7*'Muraba Veil Sale Summary'!$G$6 -> 3011940.2 | T25: =R25+S25 -> 16768282 | U25: =M25+Q25+T25 -> 54001071 | W25: =T25-Q25 -> 0
A26: =J26-J25 -> 150 | C26: Current | D26: =+D25+100 -> 1501 | E26: =+E25+100 -> 1502 | F26: =+F25+100 -> 1503 | G26: =G25+1 -> 15 | H26: 5450 | I26: 6350 | J26: 6350 | K26: =IFERROR(H26*'Muraba Veil Sale Summary'!$F$8,0) -> 15698889 | L26: =IFERROR(H26*$U$7*'Muraba Veil Sale Summary'!$G$8,0) -> 3366335.5 | M26: =L26+K26 -> 19065224 | O26: =IFERROR(I26*'Muraba Veil Sale Summary'!$F$6,0) -> 14089157 | P26: =IFERROR($U$7*'Muraba Veil Sale Summary'!$G$6*I26,0) -> 3084809.7 | Q26: =O26+P26 -> 17173967 | R26: =J26*'Muraba Veil Sale Summary'!$F$6 -> 14089157 | S26: =J26*$U$7*'Muraba Veil Sale Summary'!$G$6 -> 3084809.7 | T26: =R26+S26 -> 17173967 | U26: =M26+Q26+T26 -> 53413157 | W26: =T26-Q26 -> 0
A27: =J27-J26 -> 150 | C27: Current | D27: =+D26+100 -> 1601 | E27: =+E26+100 -> 1602 | F27: =+F26+100 -> 1603 | G27: =G26+1 -> 16 | H27: 5550 | I27: 6500 | J27: 6500 | K27: =IFERROR(H27*'Muraba Veil Sale Summary'!$F$8,0) -> 15986942 | L27: =IFERROR(H27*$U$7*'Muraba Veil Sale Summary'!$G$8,0) -> 3428103.1 | M27: =L27+K27 -> 19415045 | O27: =IFERROR(I27*'Muraba Veil Sale Summary'!$F$6,0) -> 14421972 | P27: =IFERROR($U$7*'Muraba Veil Sale Summary'!$G$6*I27,0) -> 3157679.2 | Q27: =O27+P27 -> 17579651 | R27: =J27*'Muraba Veil Sale Summary'!$F$6 -> 14421972 | S27: =J27*$U$7*'Muraba Veil Sale Summary'!$G$6 -> 3157679.2 | T27: =R27+S27 -> 17579651 | U27: =M27+Q27+T27 -> 54574346 | W27: =T27-Q27 -> 0
A28: =J28-J27 -> 150 | C28: Current | D28: =+D27+100 -> 1701 | E28: =+E27+100 -> 1702 | F28: =+F27+100 -> 1703 | G28: =G27+1 -> 17 | H28: 5502.8201 | I28: 5541.346 | J28: =J27+150 -> 6650 | K28: =IFERROR(H28*'Muraba Veil Sale Summary'!$F$8,0) -> 15851039 | L28: =IFERROR(H28*$U$7*'Muraba Veil Sale Summary'!$G$8,0) -> 3398961.2 | M28: =L28+K28 -> 19250000 | O28: =IFERROR(I28*'Muraba Veil Sale Summary'!$F$6,0) -> 12294944 | P28: =IFERROR($U$7*'Muraba Veil Sale Summary'!$G$6*I28,0) -> 2691968.2 | Q28: =O28+P28 -> 14986912 | R28: =J28*'Muraba Veil Sale Summary'!$F$6 -> 14754786 | S28: =J28*$U$7*'Muraba Veil Sale Summary'!$G$6 -> 3230548.7 | T28: =R28+S28 -> 17985335 | U28: =M28+Q28+T28 -> 52222247 | W28: =T28-Q28 -> 2998423
A29: =J29-J28 -> 150 | C29: Current | D29: =+D28+100 -> 1801 | E29: =+E28+100 -> 1802 | F29: =+F28+100 -> 1803 | G29: =G28+1 -> 18 | H29: 6450 | I29: 6800 | J29: 6800 | K29: =IFERROR(H29*'Muraba Veil Sale Summary'!$F$8,0) -> 18579419 | L29: =IFERROR(H29*$U$7*'Muraba Veil Sale Summary'!$G$8,0) -> 3984011.7 | M29: =L29+K29 -> 22563431 | O29: =IFERROR(I29*'Muraba Veil Sale Summary'!$F$6,0) -> 15087601 | P29: =IFERROR($U$7*'Muraba Veil Sale Summary'!$G$6*I29,0) -> 3303418.3 | Q29: =O29+P29 -> 18391019 | R29: =J29*'Muraba Veil Sale Summary'!$F$6 -> 15087601 | S29: =J29*$U$7*'Muraba Veil Sale Summary'!$G$6 -> 3303418.3 | T29: =R29+S29 -> 18391019 | U29: =M29+Q29+T29 -> 59345469 | W29: =T29-Q29 -> 0
A30: =J30-J29 -> 150 | C30: Current | D30: =+D29+100 -> 1901 | E30: =+E29+100 -> 1902 | F30: =+F29+100 -> 1903 | G30: =G29+1 -> 19 | H30: 6600 | I30: 6950 | J30: 6950 | K30: =IFERROR(H30*'Muraba Veil Sale Summary'!$F$8,0) -> 19011498 | L30: =IFERROR(H30*$U$7*'Muraba Veil Sale Summary'!$G$8,0) -> 4076663.1 | M30: =L30+K30 -> 23088162 | O30: =IFERROR(I30*'Muraba Veil Sale Summary'!$F$6,0) -> 15420416 | P30: =IFERROR($U$7*'Muraba Veil Sale Summary'!$G$6*I30,0) -> 3376287.8 | Q30: =O30+P30 -> 18796704 | R30: =J30*'Muraba Veil Sale Summary'!$F$6 -> 15420416 | S30: =J30*$U$7*'Muraba Veil Sale Summary'!$G$6 -> 3376287.8 | T30: =R30+S30 -> 18796704 | U30: =M30+Q30+T30 -> 60681569 | W30: =T30-Q30 -> 0
A31: =J31-J30 -> -999.99994 | C31: Current | D31: =+D30+100 -> 2001 | E31: =+E30+100 -> 2002 | F31: =+F30+100 -> 2003 | G31: =G30+1 -> 20 | H31: 5949.9999 | I31: 5361.3124 | J31: 5950.0001 | K31: =IFERROR(H31*'Muraba Veil Sale Summary'!$F$8,0) -> 17139153 | L31: =IFERROR(H31*$U$7*'Muraba Veil Sale Summary'!$G$8,0) -> 3675173.5 | M31: =L31+K31 -> 20814327 | O31: =IFERROR(I31*'Muraba Veil Sale Summary'!$F$6,0) -> 11895492 | P31: =IFERROR($U$7*'Muraba Veil Sale Summary'!$G$6*I31,0) -> 2604508.4 | Q31: =O31+P31 -> 14500000 | R31: =J31*'Muraba Veil Sale Summary'!$F$6 -> 13201651 | S31: =J31*$U$7*'Muraba Veil Sale Summary'!$G$6 -> 2890491 | T31: =R31+S31 -> 16092142 | U31: =M31+Q31+T31 -> 51406469 | W31: =T31-Q31 -> 1592142
A32: =J32-J31 -> 1149.9999 | C32: Current | D32: =+D31+100 -> 2101 | E32: =+E31+100 -> 2102 | F32: =+F31+100 -> 2103 | G32: =G31+1 -> 21 | H32: 6900 | I32: 6149.9999 | J32: =J30+150 -> 7100 | K32: =IFERROR(H32*'Muraba Veil Sale Summary'!$F$8,0) -> 19875657 | L32: =IFERROR(H32*$U$7*'Muraba Veil Sale Summary'!$G$8,0) -> 4261966 | M32: =L32+K32 -> 24137623 | O32: =IFERROR(I32*'Muraba Veil Sale Summary'!$F$6,0) -> 13645404 | P32: =IFERROR($U$7*'Muraba Veil Sale Summary'!$G$6*I32,0) -> 2987650.3 | Q32: =O32+P32 -> 16633054 | R32: =J32*'Muraba Veil Sale Summary'!$F$6 -> 15753230 | S32: =J32*$U$7*'Muraba Veil Sale Summary'!$G$6 -> 3449157.3 | T32: =R32+S32 -> 19202388 | U32: =M32+Q32+T32 -> 59973065 | W32: =T32-Q32 -> 2569333.7
A33: =J33-J32 -> 300 | C33: Current | D33: =+D32+100 -> 2201 | E33: =+E32+100 -> 2202 | F33: =+F32+100 -> 2203 | G33: =G32+1 -> 22 | H33: 7050 | I33: 7400 | J33: 7400 | K33: =IFERROR(H33*'Muraba Veil Sale Summary'!$F$8,0) -> 20307737 | L33: =IFERROR(H33*$U$7*'Muraba Veil Sale Summary'!$G$8,0) -> 4354617.5 | M33: =L33+K33 -> 24662354 | O33: =IFERROR(I33*'Muraba Veil Sale Summary'!$F$6,0) -> 16418860 | P33: =IFERROR($U$7*'Muraba Veil Sale Summary'!$G$6*I33,0) -> 3594896.4 | Q33: =O33+P33 -> 20013756 | R33: =J33*'Muraba Veil Sale Summary'!$F$6 -> 16418860 | S33: =J33*$U$7*'Muraba Veil Sale Summary'!$G$6 -> 3594896.4 | T33: =R33+S33 -> 20013756 | U33: =M33+Q33+T33 -> 64689867 | W33: =T33-Q33 -> 0
A34: =J34-J33 -> 150 | C34: Current | D34: =+D33+100 -> 2301 | E34: =+E33+100 -> 2302 | F34: =+F33+100 -> 2303 | G34: =G33+1 -> 23 | H34: 7200 | I34: 7550 | J34: 7550 | K34: =IFERROR(H34*'Muraba Veil Sale Summary'!$F$8,0) -> 20739816 | L34: =IFERROR(H34*$U$7*'Muraba Veil Sale Summary'!$G$8,0) -> 4447268.9 | M34: =L34+K34 -> 25187085 | O34: =IFERROR(I34*'Muraba Veil Sale Summary'!$F$6,0) -> 16751675 | P34: =IFERROR($U$7*'Muraba Veil Sale Summary'!$G$6*I34,0) -> 3667765.9 | Q34: =O34+P34 -> 20419440 | R34: =J34*'Muraba Veil Sale Summary'!$F$6 -> 16751675 | S34: =J34*$U$7*'Muraba Veil Sale Summary'!$G$6 -> 3667765.9 | T34: =R34+S34 -> 20419440 | U34: =M34+Q34+T34 -> 66025966 | W34: =T34-Q34 -> 0
A35: =J35-J34 -> 150 | C35: Current | D35: =+D34+100 -> 2401 | E35: =+E34+100 -> 2402 | F35: =+F34+100 -> 2403 | G35: =G34+1 -> 24 | H35: 7492.7765 | I35: 7700 | J35: 7700 | K35: =IFERROR(H35*'Muraba Veil Sale Summary'!$F$8,0) -> 21583168 | L35: =IFERROR(H35*$U$7*'Muraba Veil Sale Summary'!$G$8,0) -> 4628110 | M35: =L35+K35 -> 26211278 | O35: =IFERROR(I35*'Muraba Veil Sale Summary'!$F$6,0) -> 17084489 | P35: =IFERROR($U$7*'Muraba Veil Sale Summary'!$G$6*I35,0) -> 3740635.4 | Q35: =O35+P35 -> 20825125 | R35: =J35*'Muraba Veil Sale Summary'!$F$6 -> 17084489 | S35: =J35*$U$7*'Muraba Veil Sale Summary'!$G$6 -> 3740635.4 | T35: =R35+S35 -> 20825125 | U35: =M35+Q35+T35 -> 67861527 | W35: =T35-Q35 -> 0
A36: =J36-J35 -> 150 | C36: Current | D36: =+D35+100 -> 2501 | E36: =+E35+100 -> 2502 | F36: =+F35+100 -> 2503 | G36: =G35+1 -> 25 | H36: 7950 | I36: 7850 | J36: 7850 | K36: =IFERROR(H36*'Muraba Veil Sale Summary'!$F$8,0) -> 22900214 | L36: =IFERROR(H36*$U$7*'Muraba Veil Sale Summary'!$G$8,0) -> 4910526.1 | M36: =L36+K36 -> 27810740 | O36: =IFERROR(I36*'Muraba Veil Sale Summary'!$F$6,0) -> 17417304 | P36: =IFERROR($U$7*'Muraba Veil Sale Summary'!$G$6*I36,0) -> 3813504.9 | Q36: =O36+P36 -> 21230809 | R36: =J36*'Muraba Veil Sale Summary'!$F$6 -> 17417304 | S36: =J36*$U$7*'Muraba Veil Sale Summary'!$G$6 -> 3813504.9 | T36: =R36+S36 -> 21230809 | U36: =M36+Q36+T36 -> 70272358 | W36: =T36-Q36 -> 0
A37: =J37-J36 -> 150 | C37: Current | D37: =+D36+100 -> 2601 | E37: =+E36+100 -> 2602 | F37: =+F36+100 -> 2603 | G37: =G36+1 -> 26 | H37: 6549.9999 | I37: 8000 | J37: 8000 | K37: =IFERROR(H37*'Muraba Veil Sale Summary'!$F$8,0) -> 18867472 | L37: =IFERROR(H37*$U$7*'Muraba Veil Sale Summary'!$G$8,0) -> 4045779.3 | M37: =L37+K37 -> 22913251 | O37: =IFERROR(I37*'Muraba Veil Sale Summary'!$F$6,0) -> 17750119 | P37: =IFERROR($U$7*'Muraba Veil Sale Summary'!$G$6*I37,0) -> 3886374.4 | Q37: =O37+P37 -> 21636493 | R37: =J37*'Muraba Veil Sale Summary'!$F$6 -> 17750119 | S37: =J37*$U$7*'Muraba Veil Sale Summary'!$G$6 -> 3886374.4 | T37: =R37+S37 -> 21636493 | U37: =M37+Q37+T37 -> 66186237 | W37: =T37-Q37 -> 0
A38: =J38-J37 -> 150 | C38: Current | D38: =+D37+100 -> 2701 | E38: =+E37+100 -> 2702 | F38: =+F37+100 -> 2703 | G38: =G37+1 -> 27 | H38: 6650 | I38: 8150 | J38: 8150 | K38: =IFERROR(H38*'Muraba Veil Sale Summary'!$F$8,0) -> 19155525 | L38: =IFERROR(H38*$U$7*'Muraba Veil Sale Summary'!$G$8,0) -> 4107547 | M38: =L38+K38 -> 23263072 | O38: =IFERROR(I38*'Muraba Veil Sale Summary'!$F$6,0) -> 18082934 | P38: =IFERROR($U$7*'Muraba Veil Sale Summary'!$G$6*I38,0) -> 3959244 | Q38: =O38+P38 -> 22042177 | R38: =J38*'Muraba Veil Sale Summary'!$F$6 -> 18082934 | S38: =J38*$U$7*'Muraba Veil Sale Summary'!$G$6 -> 3959244 | T38: =R38+S38 -> 22042177 | U38: =M38+Q38+T38 -> 67347427 | W38: =T38-Q38 -> 0
A39: =J39-J38 -> -550 | C39: Current | D39: =+D38+100 -> 2801 | E39: =+E38+100 -> 2802 | F39: =+F38+100 -> 2803 | G39: =G38+1 -> 28 | H39: 6750 | I39: 7600 | J39: 7600 | K39: =IFERROR(H39*'Muraba Veil Sale Summary'!$F$8,0) -> 19443578 | L39: =IFERROR(H39*$U$7*'Muraba Veil Sale Summary'!$G$8,0) -> 4169314.6 | M39: =L39+K39 -> 23612893 | O39: =IFERROR(I39*'Muraba Veil Sale Summary'!$F$6,0) -> 16862613 | P39: =IFERROR($U$7*'Muraba Veil Sale Summary'!$G$6*I39,0) -> 3692055.7 | Q39: =O39+P39 -> 20554669 | R39: =J39*'Muraba Veil Sale Summary'!$F$6 -> 16862613 | S39: =J39*$U$7*'Muraba Veil Sale Summary'!$G$6 -> 3692055.7 | T39: =R39+S39 -> 20554669 | U39: =M39+Q39+T39 -> 64722230 | W39: =T39-Q39 -> 0
A40: =J40-J39 -> 850 | C40: Current | D40: =+D39+100 -> 2901 | E40: =+E39+100 -> 2902 | F40: =+F39+100 -> 2903 | G40: =G39+1 -> 29 | H40: 6585.1642 | I40: 8450 | J40: 8450 | K40: =IFERROR(H40*'Muraba Veil Sale Summary'!$F$8,0) -> 18968764 | L40: =IFERROR(H40*$U$7*'Muraba Veil Sale Summary'!$G$8,0) -> 4067499.4 | M40: =L40+K40 -> 23036263 | O40: =IFERROR(I40*'Muraba Veil Sale Summary'!$F$6,0) -> 18748563 | P40: =IFERROR($U$7*'Muraba Veil Sale Summary'!$G$6*I40,0) -> 4104983 | Q40: =O40+P40 -> 22853546 | R40: =J40*'Muraba Veil Sale Summary'!$F$6 -> 18748563 | S40: =J40*$U$7*'Muraba Veil Sale Summary'!$G$6 -> 4104983 | T40: =R40+S40 -> 22853546 | U40: =M40+Q40+T40 -> 68743355 | W40: =T40-Q40 -> 0
A41: =J41-J40 -> 150 | C41: Current | D41: =+D40+100 -> 3001 | E41: =+E40+100 -> 3002 | F41: =+F40+100 -> 3003 | G41: =G40+1 -> 30 | H41: 6602.5 | I41: 8600 | J41: 8600 | K41: =IFERROR(H41*'Muraba Veil Sale Summary'!$F$8,0) -> 19018700 | L41: =IFERROR(H41*$U$7*'Muraba Veil Sale Summary'!$G$8,0) -> 4078207.3 | M41: =L41+K41 -> 23096907 | O41: =IFERROR(I41*'Muraba Veil Sale Summary'!$F$6,0) -> 19081378 | P41: =IFERROR($U$7*'Muraba Veil Sale Summary'!$G$6*I41,0) -> 4177852.5 | Q41: =O41+P41 -> 23259230 | R41: =J41*'Muraba Veil Sale Summary'!$F$6 -> 19081378 | S41: =J41*$U$7*'Muraba Veil Sale Summary'!$G$6 -> 4177852.5 | T41: =R41+S41 -> 23259230 | U41: =M41+Q41+T41 -> 69615367 | W41: =T41-Q41 -> 0
A42: =J42-J41 -> 150 | C42: Proposed | D42: =IF(G42="","",D41+300) -> 3301 | E42: =IF(G42="","",E41+300) -> 3302 | F42: =IF(G42="","",F41+300) -> 3303 | G42: =G41+3 -> 33 | H42: =H34+150 -> 7350 | I42: 8750 | J42: 8750 | K42: =IFERROR(H42*'Muraba Veil Sale Summary'!$F$8,0) -> 21171896 | L42: =IFERROR(H42*$U$7*'Muraba Veil Sale Summary'!$G$8,0) -> 4539920.3 | M42: =L42+K42 -> 25711816 | O42: =IFERROR(I42*'Muraba Veil Sale Summary'!$F$6,0) -> 19414192 | P42: =IFERROR($U$7*'Muraba Veil Sale Summary'!$G$6*I42,0) -> 4250722 | Q42: =O42+P42 -> 23664914 | R42: =J42*'Muraba Veil Sale Summary'!$F$6 -> 19414192 | S42: =J42*$U$7*'Muraba Veil Sale Summary'!$G$6 -> 4250722 | T42: =R42+S42 -> 23664914 | U42: =M42+Q42+T42 -> 73041645 | W42: =T42-Q42 -> 0
A43: =J43-J42 -> 150 | C43: Proposed | D43: =IF(G43="","",D42+100) -> 3401 | E43: =IF(G43="","",E42+100) -> 3402 | F43: =IF(G43="","",F42+100) -> 3403 | G43: =G42+1 -> 34 | H43: =H42+150 -> 7500 | I43: 8900 | J43: 8900 | K43: =IFERROR(H43*'Muraba Veil Sale Summary'!$F$8,0) -> 21603975 | L43: =IFERROR(H43*$U$7*'Muraba Veil Sale Summary'!$G$8,0) -> 4632571.8 | M43: =L43+K43 -> 26236547 | O43: =IFERROR(I43*'Muraba Veil Sale Summary'!$F$6,0) -> 19747007 | P43: =IFERROR($U$7*'Muraba Veil Sale Summary'!$G$6*I43,0) -> 4323591.6 | Q43: =O43+P43 -> 24070599 | R43: =J43*'Muraba Veil Sale Summary'!$F$6 -> 19747007 | S43: =J43*$U$7*'Muraba Veil Sale Summary'!$G$6 -> 4323591.6 | T43: =R43+S43 -> 24070599 | U43: =M43+Q43+T43 -> 74377745 | W43: =T43-Q43 -> 0
A44: =J44-J43 -> 150 | C44: Proposed | D44: =IF(G44="","",D43+100) -> 3501 | E44: =IF(G44="","",E43+100) -> 3502 | F44: =IF(G44="","",F43+100) -> 3503 | G44: =G43+1 -> 35 | H44: =H43+150 -> 7650 | I44: 9050 | J44: 9050 | K44: =IFERROR(H44*'Muraba Veil Sale Summary'!$F$8,0) -> 22036055 | L44: =IFERROR(H44*$U$7*'Muraba Veil Sale Summary'!$G$8,0) -> 4725223.2 | M44: =L44+K44 -> 26761278 | O44: =IFERROR(I44*'Muraba Veil Sale Summary'!$F$6,0) -> 20079822 | P44: =IFERROR($U$7*'Muraba Veil Sale Summary'!$G$6*I44,0) -> 4396461.1 | Q44: =O44+P44 -> 24476283 | R44: =J44*'Muraba Veil Sale Summary'!$F$6 -> 20079822 | S44: =J44*$U$7*'Muraba Veil Sale Summary'!$G$6 -> 4396461.1 | T44: =R44+S44 -> 24476283 | U44: =M44+Q44+T44 -> 75713844 | W44: =T44-Q44 -> 0
A45: =J45-J44 -> 150 | C45: Proposed | D45: =IF(G45="","",D44+100) -> 3601 | E45: =IF(G45="","",E44+100) -> 3602 | F45: =IF(G45="","",F44+100) -> 3603 | G45: =G44+1 -> 36 | H45: =H44+150 -> 7800 | I45: 9200 | J45: 9200 | K45: =IFERROR(H45*'Muraba Veil Sale Summary'!$F$8,0) -> 22468134 | L45: =IFERROR(H45*$U$7*'Muraba Veil Sale Summary'!$G$8,0) -> 4817874.6 | M45: =L45+K45 -> 27286009 | O45: =IFERROR(I45*'Muraba Veil Sale Summary'!$F$6,0) -> 20412637 | P45: =IFERROR($U$7*'Muraba Veil Sale Summary'!$G$6*I45,0) -> 4469330.6 | Q45: =O45+P45 -> 24881967 | R45: =J45*'Muraba Veil Sale Summary'!$F$6 -> 20412637 | S45: =J45*$U$7*'Muraba Veil Sale Summary'!$G$6 -> 4469330.6 | T45: =R45+S45 -> 24881967 | U45: =M45+Q45+T45 -> 77049944 | W45: =T45-Q45 -> 0
A46: =J46-J45 -> 150 | C46: Proposed | D46: =IF(G46="","",D45+100) -> 3701 | E46: =IF(G46="","",E45+100) -> 3702 | F46: =IF(G46="","",F45+100) -> 3703 | G46: =G45+1 -> 37 | H46: =H45+150 -> 7950 | I46: 9350 | J46: 9350 | K46: =IFERROR(H46*'Muraba Veil Sale Summary'!$F$8,0) -> 22900214 | L46: =IFERROR(H46*$U$7*'Muraba Veil Sale Summary'!$G$8,0) -> 4910526.1 | M46: =L46+K46 -> 27810740 | O46: =IFERROR(I46*'Muraba Veil Sale Summary'!$F$6,0) -> 20745451 | P46: =IFERROR($U$7*'Muraba Veil Sale Summary'!$G$6*I46,0) -> 4542200.1 | Q46: =O46+P46 -> 25287651 | R46: =J46*'Muraba Veil Sale Summary'!$F$6 -> 20745451 | S46: =J46*$U$7*'Muraba Veil Sale Summary'!$G$6 -> 4542200.1 | T46: =R46+S46 -> 25287651 | U46: =M46+Q46+T46 -> 78386043 | W46: =T46-Q46 -> 0
A47: =J47-J46 -> 150 | C47: Proposed | D47: =IF(G47="","",D46+100) -> 3801 | E47: =IF(G47="","",E46+100) -> 3802 | F47: =IF(G47="","",F46+100) -> 3803 | G47: =G46+1 -> 38 | H47: =H46+150 -> 8100 | I47: 9500 | J47: 9500 | K47: =IFERROR(H47*'Muraba Veil Sale Summary'!$F$8,0) -> 23332294 | L47: =IFERROR(H47*$U$7*'Muraba Veil Sale Summary'!$G$8,0) -> 5003177.5 | M47: =L47+K47 -> 28335471 | O47: =IFERROR(I47*'Muraba Veil Sale Summary'!$F$6,0) -> 21078266 | P47: =IFERROR($U$7*'Muraba Veil Sale Summary'!$G$6*I47,0) -> 4615069.6 | Q47: =O47+P47 -> 25693336 | R47: =J47*'Muraba Veil Sale Summary'!$F$6 -> 21078266 | S47: =J47*$U$7*'Muraba Veil Sale Summary'!$G$6 -> 4615069.6 | T47: =R47+S47 -> 25693336 | U47: =M47+Q47+T47 -> 79722142 | W47: =T47-Q47 -> 0
A48: =J48-J47 -> 150 | C48: Proposed | D48: =IF(G48="","",D47+100) -> 3901 | E48: =IF(G48="","",E47+100) -> 3902 | F48: =IF(G48="","",F47+100) -> 3903 | G48: =G47+1 -> 39 | H48: =H47+150 -> 8250 | I48: 9650 | J48: 9650 | K48: =IFERROR(H48*'Muraba Veil Sale Summary'!$F$8,0) -> 23764373 | L48: =IFERROR(H48*$U$7*'Muraba Veil Sale Summary'!$G$8,0) -> 5095828.9 | M48: =L48+K48 -> 28860202 | O48: =IFERROR(I48*'Muraba Veil Sale Summary'!$F$6,0) -> 21411081 | P48: =IFERROR($U$7*'Muraba Veil Sale Summary'!$G$6*I48,0) -> 4687939.2 | Q48: =O48+P48 -> 26099020 | R48: =J48*'Muraba Veil Sale Summary'!$F$6 -> 21411081 | S48: =J48*$U$7*'Muraba Veil Sale Summary'!$G$6 -> 4687939.2 | T48: =R48+S48 -> 26099020 | U48: =M48+Q48+T48 -> 81058242 | W48: =T48-Q48 -> 0
A49: =J49-J48 -> 150 | C49: Proposed | D49: =IF(G49="","",D48+100) -> 4001 | E49: =IF(G49="","",E48+100) -> 4002 | F49: =IF(G49="","",F48+100) -> 4003 | G49: =G48+1 -> 40 | H49: =H48+150 -> 8400 | I49: 9800 | J49: 9800 | K49: =IFERROR(H49*'Muraba Veil Sale Summary'!$F$8,0) -> 24196453 | L49: =IFERROR(H49*$U$7*'Muraba Veil Sale Summary'!$G$8,0) -> 5188480.4 | M49: =L49+K49 -> 29384933 | O49: =IFERROR(I49*'Muraba Veil Sale Summary'!$F$6,0) -> 21743896 | P49: =IFERROR($U$7*'Muraba Veil Sale Summary'!$G$6*I49,0) -> 4760808.7 | Q49: =O49+P49 -> 26504704 | R49: =J49*'Muraba Veil Sale Summary'!$F$6 -> 21743896 | S49: =J49*$U$7*'Muraba Veil Sale Summary'!$G$6 -> 4760808.7 | T49: =R49+S49 -> 26504704 | U49: =M49+Q49+T49 -> 82394341 | W49: =T49-Q49 -> 0
A50: =J50-J49 -> 150 | C50: Proposed | D50: =IF(G50="","",D49+100) -> 4101 | E50: =IF(G50="","",E49+100) -> 4102 | F50: =IF(G50="","",F49+100) -> 4103 | G50: =G49+1 -> 41 | H50: =H49+150 -> 8550 | I50: 9950 | J50: 9950 | K50: =IFERROR(H50*'Muraba Veil Sale Summary'!$F$8,0) -> 24628532 | L50: =IFERROR(H50*$U$7*'Muraba Veil Sale Summary'!$G$8,0) -> 5281131.8 | M50: =L50+K50 -> 29909664 | O50: =IFERROR(I50*'Muraba Veil Sale Summary'!$F$6,0) -> 22076710 | P50: =IFERROR($U$7*'Muraba Veil Sale Summary'!$G$6*I50,0) -> 4833678.2 | Q50: =O50+P50 -> 26910388 | R50: =J50*'Muraba Veil Sale Summary'!$F$6 -> 22076710 | S50: =J50*$U$7*'Muraba Veil Sale Summary'!$G$6 -> 4833678.2 | T50: =R50+S50 -> 26910388 | U50: =M50+Q50+T50 -> 83730441 | W50: =T50-Q50 -> 0
A51: =J51-J50 -> 150 | C51: Proposed | D51: =IF(G51="","",D50+100) -> 4201 | E51: =IF(G51="","",E50+100) -> 4202 | F51: =IF(G51="","",F50+100) -> 4203 | G51: =G50+1 -> 42 | H51: =H50+150 -> 8700 | I51: 10100 | J51: 10100 | K51: =IFERROR(H51*'Muraba Veil Sale Summary'!$F$8,0) -> 25060612 | L51: =IFERROR(H51*$U$7*'Muraba Veil Sale Summary'!$G$8,0) -> 5373783.2 | M51: =L51+K51 -> 30434395 | O51: =IFERROR(I51*'Muraba Veil Sale Summary'!$F$6,0) -> 22409525 | P51: =IFERROR($U$7*'Muraba Veil Sale Summary'!$G$6*I51,0) -> 4906547.7 | Q51: =O51+P51 -> 27316073 | R51: =J51*'Muraba Veil Sale Summary'!$F$6 -> 22409525 | S51: =J51*$U$7*'Muraba Veil Sale Summary'!$G$6 -> 4906547.7 | T51: =R51+S51 -> 27316073 | U51: =M51+Q51+T51 -> 85066540 | W51: =T51-Q51 -> 0
A52: =J52-J51 -> 150 | C52: Proposed | D52: =IF(G52="","",D51+100) -> 4301 | E52: =IF(G52="","",E51+100) -> 4302 | F52: =IF(G52="","",F51+100) -> 4303 | G52: =G51+1 -> 43 | H52: =H51+150 -> 8850 | I52: 10250 | J52: 10250 | K52: =IFERROR(H52*'Muraba Veil Sale Summary'!$F$8,0) -> 25492691 | L52: =IFERROR(H52*$U$7*'Muraba Veil Sale Summary'!$G$8,0) -> 5466434.7 | M52: =L52+K52 -> 30959126 | O52: =IFERROR(I52*'Muraba Veil Sale Summary'!$F$6,0) -> 22742340 | P52: =IFERROR($U$7*'Muraba Veil Sale Summary'!$G$6*I52,0) -> 4979417.2 | Q52: =O52+P52 -> 27721757 | R52: =J52*'Muraba Veil Sale Summary'!$F$6 -> 22742340 | S52: =J52*$U$7*'Muraba Veil Sale Summary'!$G$6 -> 4979417.2 | T52: =R52+S52 -> 27721757 | U52: =M52+Q52+T52 -> 86402640 | W52: =T52-Q52 -> 0
A53: =J53-J52 -> 150 | C53: Proposed | D53: =IF(G53="","",D52+100) -> 4401 | E53: =IF(G53="","",E52+100) -> 4402 | F53: =IF(G53="","",F52+100) -> 4403 | G53: =G52+1 -> 44 | H53: =H52+150 -> 9000 | I53: 10400 | J53: 10400 | K53: =IFERROR(H53*'Muraba Veil Sale Summary'!$F$8,0) -> 25924771 | L53: =IFERROR(H53*$U$7*'Muraba Veil Sale Summary'!$G$8,0) -> 5559086.1 | M53: =L53+K53 -> 31483857 | O53: =IFERROR(I53*'Muraba Veil Sale Summary'!$F$6,0) -> 23075154 | P53: =IFERROR($U$7*'Muraba Veil Sale Summary'!$G$6*I53,0) -> 5052286.8 | Q53: =O53+P53 -> 28127441 | R53: =J53*'Muraba Veil Sale Summary'!$F$6 -> 23075154 | S53: =J53*$U$7*'Muraba Veil Sale Summary'!$G$6 -> 5052286.8 | T53: =R53+S53 -> 28127441 | U53: =M53+Q53+T53 -> 87738739 | W53: =T53-Q53 -> 0
A54: =J54-J53 -> 150 | C54: Proposed | D54: =IF(G54="","",D53+100) -> 4501 | E54: =IF(G54="","",E53+100) -> 4502 | F54: =IF(G54="","",F53+100) -> 4503 | G54: =G53+1 -> 45 | H54: =H53+150 -> 9150 | I54: 10550 | J54: 10550 | K54: =IFERROR(H54*'Muraba Veil Sale Summary'!$F$8,0) -> 26356850 | L54: =IFERROR(H54*$U$7*'Muraba Veil Sale Summary'!$G$8,0) -> 5651737.5 | M54: =L54+K54 -> 32008588 | O54: =IFERROR(I54*'Muraba Veil Sale Summary'!$F$6,0) -> 23407969 | P54: =IFERROR($U$7*'Muraba Veil Sale Summary'!$G$6*I54,0) -> 5125156.3 | Q54: =O54+P54 -> 28533125 | R54: =J54*'Muraba Veil Sale Summary'!$F$6 -> 23407969 | S54: =J54*$U$7*'Muraba Veil Sale Summary'!$G$6 -> 5125156.3 | T54: =R54+S54 -> 28533125 | U54: =M54+Q54+T54 -> 89074839 | W54: =T54-Q54 -> 0
... A58: =J58-J57 -> 150 | C58: Proposed | D58: =IF(G58="","",D57+100) -> 4901 | E58: =IF(G58="","",E57+100) -> 4902 | F58: =IF(G58="","",F57+100) -> 4903 | G58: =G57+1 -> 49 | H58: =H57+150 -> 9750 | I58: 11150 | J58: 11150 | K58: =IFERROR(H58*'Muraba Veil Sale Summary'!$F$8,0) -> 28085168 | L58: =IFERROR(H58*$U$7*'Muraba Veil Sale Summary'!$G$8,0) -> 6022343.3 | M58: =L58+K58 -> 34107511 | O58: =IFERROR(I58*'Muraba Veil Sale Summary'!$F$6,0) -> 24739228 | P58: =IFERROR($U$7*'Muraba Veil Sale Summary'!$G$6*I58,0) -> 5416634.4 | Q58: =O58+P58 -> 30155862 | R58: =J58*'Muraba Veil Sale Summary'!$F$6 -> 24739228 | S58: =J58*$U$7*'Muraba Veil Sale Summary'!$G$6 -> 5416634.4 | T58: =R58+S58 -> 30155862 | U58: =M58+Q58+T58 -> 94419236 | W58: =T58-Q58 -> 0
A59: =J59-J58 -> 150 | C59: Proposed | D59: =IF(G59="","",D58+200) -> 5101 | E59: =IF(G59="","",E58+200) -> 5102 | F59: =IF(G59="","",F58+200) -> 5103 | G59: =G58+2 -> 51 | H59: =H58+150 -> 9900 | I59: 11300 | J59: 11300 | K59: =IFERROR(H59*'Muraba Veil Sale Summary'!$F$8,0) -> 28517248 | L59: =IFERROR(H59*$U$7*'Muraba Veil Sale Summary'!$G$8,0) -> 6114994.7 | M59: =L59+K59 -> 34632242 | O59: =IFERROR(I59*'Muraba Veil Sale Summary'!$F$6,0) -> 25072043 | P59: =IFERROR($U$7*'Muraba Veil Sale Summary'!$G$6*I59,0) -> 5489503.9 | Q59: =O59+P59 -> 30561547 | R59: =J59*'Muraba Veil Sale Summary'!$F$6 -> 25072043 | S59: =J59*$U$7*'Muraba Veil Sale Summary'!$G$6 -> 5489503.9 | T59: =R59+S59 -> 30561547 | U59: =M59+Q59+T59 -> 95755336 | W59: =T59-Q59 -> 0
A60: =J60-J59 -> 150 | C60: Proposed | D60: =IF(G60="","",D59+100) -> 5201 | E60: =IF(G60="","",E59+100) -> 5202 | F60: =IF(G60="","",F59+100) -> 5203 | G60: =G59+1 -> 52 | H60: =H59+150 -> 10050 | I60: 11450 | J60: 11450 | K60: =IFERROR(H60*'Muraba Veil Sale Summary'!$F$8,0) -> 28949327 | L60: =IFERROR(H60*$U$7*'Muraba Veil Sale Summary'!$G$8,0) -> 6207646.2 | M60: =L60+K60 -> 35156973 | O60: =IFERROR(I60*'Muraba Veil Sale Summary'!$F$6,0) -> 25404858 | P60: =IFERROR($U$7*'Muraba Veil Sale Summary'!$G$6*I60,0) -> 5562373.4 | Q60: =O60+P60 -> 30967231 | R60: =J60*'Muraba Veil Sale Summary'!$F$6 -> 25404858 | S60: =J60*$U$7*'Muraba Veil Sale Summary'!$G$6 -> 5562373.4 | T60: =R60+S60 -> 30967231 | U60: =M60+Q60+T60 -> 97091435 | W60: =T60-Q60 -> 0
A61: =J61-J60 -> 150 | C61: Proposed | D61: =IF(G61="","",D60+100) -> 5301 | E61: =IF(G61="","",E60+100) -> 5302 | F61: =IF(G61="","",F60+100) -> 5303 | G61: =G60+1 -> 53 | H61: =H60+150 -> 10200 | I61: 11600 | J61: 11600 | K61: =IFERROR(H61*'Muraba Veil Sale Summary'!$F$8,0) -> 29381407 | L61: =IFERROR(H61*$U$7*'Muraba Veil Sale Summary'!$G$8,0) -> 6300297.6 | M61: =L61+K61 -> 35681704 | O61: =IFERROR(I61*'Muraba Veil Sale Summary'!$F$6,0) -> 25737672 | P61: =IFERROR($U$7*'Muraba Veil Sale Summary'!$G$6*I61,0) -> 5635242.9 | Q61: =O61+P61 -> 31372915 | R61: =J61*'Muraba Veil Sale Summary'!$F$6 -> 25737672 | S61: =J61*$U$7*'Muraba Veil Sale Summary'!$G$6 -> 5635242.9 | T61: =R61+S61 -> 31372915 | U61: =M61+Q61+T61 -> 98427535 | W61: =T61-Q61 -> 0
A62: =J62-J61 -> 150 | C62: Proposed | D62: =IF(G62="","",D61+100) -> 5401 | E62: =IF(G62="","",E61+100) -> 5402 | F62: =IF(G62="","",F61+100) -> 5403 | G62: =G61+1 -> 54 | H62: =H61+150 -> 10350 | I62: 11750 | J62: 11750 | K62: =IFERROR(H62*'Muraba Veil Sale Summary'!$F$8,0) -> 29813486 | L62: =IFERROR(H62*$U$7*'Muraba Veil Sale Summary'!$G$8,0) -> 6392949 | M62: =L62+K62 -> 36206435 | O62: =IFERROR(I62*'Muraba Veil Sale Summary'!$F$6,0) -> 26070487 | P62: =IFERROR($U$7*'Muraba Veil Sale Summary'!$G$6*I62,0) -> 5708112.4 | Q62: =O62+P62 -> 31778599 | R62: =J62*'Muraba Veil Sale Summary'!$F$6 -> 26070487 | S62: =J62*$U$7*'Muraba Veil Sale Summary'!$G$6 -> 5708112.4 | T62: =R62+S62 -> 31778599 | U62: =M62+Q62+T62 -> 99763634 | W62: =T62-Q62 -> 0
A63: =J63-J62 -> 150 | C63: Proposed | D63: =IF(G63="","",D62+100) -> 5501 | E63: =IF(G63="","",E62+100) -> 5502 | F63: =IF(G63="","",F62+100) -> 5503 | G63: =G62+1 -> 55 | H63: =H62+150 -> 10500 | I63: 11900 | J63: 11900 | K63: =IFERROR(H63*'Muraba Veil Sale Summary'!$F$8,0) -> 30245566 | L63: =IFERROR(H63*$U$7*'Muraba Veil Sale Summary'!$G$8,0) -> 6485600.5 | M63: =L63+K63 -> 36731166 | O63: =IFERROR(I63*'Muraba Veil Sale Summary'!$F$6,0) -> 26403302 | P63: =IFERROR($U$7*'Muraba Veil Sale Summary'!$G$6*I63,0) -> 5780982 | Q63: =O63+P63 -> 32184284 | R63: =J63*'Muraba Veil Sale Summary'!$F$6 -> 26403302 | S63: =J63*$U$7*'Muraba Veil Sale Summary'!$G$6 -> 5780982 | T63: =R63+S63 -> 32184284 | U63: =M63+Q63+T63 -> 1.0109973e+08 | W63: =T63-Q63 -> 0
A64: =J64-J63 -> 150 | C64: Proposed | D64: =IF(G64="","",D63+100) -> 5601 | E64: =IF(G64="","",E63+100) -> 5602 | F64: =IF(G64="","",F63+100) -> 5603 | G64: =G63+1 -> 56 | H64: =H63+150 -> 10650 | I64: 12050 | J64: 12050 | K64: =IFERROR(H64*'Muraba Veil Sale Summary'!$F$8,0) -> 30677645 | L64: =IFERROR(H64*$U$7*'Muraba Veil Sale Summary'!$G$8,0) -> 6578251.9 | M64: =L64+K64 -> 37255897 | O64: =IFERROR(I64*'Muraba Veil Sale Summary'!$F$6,0) -> 26736116 | P64: =IFERROR($U$7*'Muraba Veil Sale Summary'!$G$6*I64,0) -> 5853851.5 | Q64: =O64+P64 -> 32589968 | R64: =J64*'Muraba Veil Sale Summary'!$F$6 -> 26736116 | S64: =J64*$U$7*'Muraba Veil Sale Summary'!$G$6 -> 5853851.5 | T64: =R64+S64 -> 32589968 | U64: =M64+Q64+T64 -> 1.0243583e+08 | W64: =T64-Q64 -> 0
A65: =J65-J64 -> 150 | C65: Proposed | D65: =IF(G65="","",D64+100) -> 5701 | E65: =IF(G65="","",E64+100) -> 5702 | F65: =IF(G65="","",F64+100) -> 5703 | G65: =G64+1 -> 57 | H65: =H64+150 -> 10800 | I65: 12200 | J65: 12200 | K65: =IFERROR(H65*'Muraba Veil Sale Summary'!$F$8,0) -> 31109725 | L65: =IFERROR(H65*$U$7*'Muraba Veil Sale Summary'!$G$8,0) -> 6670903.3 | M65: =L65+K65 -> 37780628 | O65: =IFERROR(I65*'Muraba Veil Sale Summary'!$F$6,0) -> 27068931 | P65: =IFERROR($U$7*'Muraba Veil Sale Summary'!$G$6*I65,0) -> 5926721 | Q65: =O65+P65 -> 32995652 | R65: =J65*'Muraba Veil Sale Summary'!$F$6 -> 27068931 | S65: =J65*$U$7*'Muraba Veil Sale Summary'!$G$6 -> 5926721 | T65: =R65+S65 -> 32995652 | U65: =M65+Q65+T65 -> 1.0377193e+08 | W65: =T65-Q65 -> 0
A66: =J66-J65 -> 150 | C66: Proposed | D66: =IF(G66="","",D65+200) -> 5901 | E66: =IF(G66="","",E65+200) -> 5902 | F66: =IF(G66="","",F65+200) -> 5903 | G66: =G65+1 -> 58 | H66: =H65+150 -> 10950 | I66: 12350 | J66: 12350 | K66: =IFERROR(H66*'Muraba Veil Sale Summary'!$F$8,0) -> 31541804 | L66: =IFERROR(H66*$U$7*'Muraba Veil Sale Summary'!$G$8,0) -> 6763554.8 | M66: =L66+K66 -> 38305359 | O66: =IFERROR(I66*'Muraba Veil Sale Summary'!$F$6,0) -> 27401746 | P66: =IFERROR($U$7*'Muraba Veil Sale Summary'!$G$6*I66,0) -> 5999590.5 | Q66: =O66+P66 -> 33401336 | R66: =J66*'Muraba Veil Sale Summary'!$F$6 -> 27401746 | S66: =J66*$U$7*'Muraba Veil Sale Summary'!$G$6 -> 5999590.5 | T66: =R66+S66 -> 33401336 | U66: =M66+Q66+T66 -> 1.0510803e+08 | W66: =T66-Q66 -> 0
C67: Proposed | D67: =IF(G67="","",D66+100) | E67: =IF(G67="","",E66+100) | F67: =IF(G67="","",F66+100) | H67: =IF(G67="","",H66+$U$5) | I67: =IF(G67="","",I66+$U$4) | K67: =IFERROR(H67*'Muraba Veil Sale Summary'!$F$8,0) -> 0 | L67: =IFERROR(H67*$U$7*'Muraba Veil Sale Summary'!$G$8,0) -> 0 | M67: =L67+K67 -> 0 | O67: =IFERROR(I67*'Muraba Veil Sale Summary'!$F$6,0) -> 0 | P67: =IFERROR($U$7*'Muraba Veil Sale Summary'!$G$6*I67,0) -> 0 | Q67: =O67+P67 -> 0 | R67: =J67*'Muraba Veil Sale Summary'!$F$6 -> 0 | S67: =J67*$U$7*'Muraba Veil Sale Summary'!$G$6 -> 0 | T67: =R67+S67 -> 0 | U67: =M67+Q67+T67 -> 0
A68: =J68-J67 -> 0 | C68: Proposed | D68: =IF(G68="","",D67+100) | E68: =IF(G68="","",E67+100) | F68: =IF(G68="","",F67+100) | H68: =IF(G68="","",H67+$U$5) | I68: =IF(G68="","",I67+$U$4) | K68: =IFERROR(H68*'Muraba Veil Sale Summary'!$F$8,0) -> 0 | L68: =IFERROR(H68*$U$7*'Muraba Veil Sale Summary'!$G$8,0) -> 0 | M68: =L68+K68 -> 0 | O68: =IFERROR(I68*'Muraba Veil Sale Summary'!$F$6,0) -> 0 | P68: =IFERROR($U$7*'Muraba Veil Sale Summary'!$G$6*I68,0) -> 0 | Q68: =O68+P68 -> 0 | R68: =J68*'Muraba Veil Sale Summary'!$F$6 -> 0 | S68: =J68*$U$7*'Muraba Veil Sale Summary'!$G$6 -> 0 | T68: =R68+S68 -> 0 | U68: =M68+Q68+T68 -> 0
A69: =J69-J68 -> 0 | C69: Proposed | D69: =IF(G69="","",D68+100) | E69: =IF(G69="","",E68+100) | F69: =IF(G69="","",F68+100) | H69: =IF(G69="","",H68+$U$5) | I69: =IF(G69="","",I68+$U$4) | K69: =IFERROR(H69*'Muraba Veil Sale Summary'!$F$8,0) -> 0 | L69: =IFERROR(H69*$U$7*'Muraba Veil Sale Summary'!$G$8,0) -> 0 | M69: =L69+K69 -> 0 | O69: =IFERROR(I69*'Muraba Veil Sale Summary'!$F$6,0) -> 0 | P69: =IFERROR($U$7*'Muraba Veil Sale Summary'!$G$6*I69,0) -> 0 | Q69: =O69+P69 -> 0 | R69: =J69*'Muraba Veil Sale Summary'!$F$6 -> 0 | S69: =J69*$U$7*'Muraba Veil Sale Summary'!$G$6 -> 0 | T69: =R69+S69 -> 0 | U69: =M69+Q69+T69 -> 0
A70: =J70-J69 -> 0 | C70: Proposed | D70: =IF(G70="","",D69+100) | E70: =IF(G70="","",E69+100) | F70: =IF(G70="","",F69+100) | H70: =IF(G70="","",H69+$U$5) | I70: =IF(G70="","",I69+$U$4) | K70: =IFERROR(H70*'Muraba Veil Sale Summary'!$F$8,0) -> 0 | L70: =IFERROR(H70*$U$7*'Muraba Veil Sale Summary'!$G$8,0) -> 0 | M70: =L70+K70 -> 0 | O70: =IFERROR(I70*'Muraba Veil Sale Summary'!$F$6,0) -> 0 | P70: =IFERROR($U$7*'Muraba Veil Sale Summary'!$G$6*I70,0) -> 0 | Q70: =O70+P70 -> 0 | R70: =J70*'Muraba Veil Sale Summary'!$F$6 -> 0 | S70: =J70*$U$7*'Muraba Veil Sale Summary'!$G$6 -> 0 | T70: =R70+S70 -> 0 | U70: =M70+Q70+T70 -> 0
A71: =J71-J70 -> 0 | C71: Proposed | D71: =IF(G71="","",D70+100) | E71: =IF(G71="","",E70+100) | F71: =IF(G71="","",F70+100) | H71: =IF(G71="","",H70+$U$5) | I71: =IF(G71="","",I70+$U$4) | K71: =IFERROR(H71*'Muraba Veil Sale Summary'!$F$8,0) -> 0 | L71: =IFERROR(H71*$U$7*'Muraba Veil Sale Summary'!$G$8,0) -> 0 | M71: =L71+K71 -> 0 | O71: =IFERROR(I71*'Muraba Veil Sale Summary'!$F$6,0) -> 0 | P71: =IFERROR($U$7*'Muraba Veil Sale Summary'!$G$6*I71,0) -> 0 | Q71: =O71+P71 -> 0 | R71: =J71*'Muraba Veil Sale Summary'!$F$6 -> 0 | S71: =J71*$U$7*'Muraba Veil Sale Summary'!$G$6 -> 0 | T71: =R71+S71 -> 0 | U71: =M71+Q71+T71 -> 0
M83: =SUM(M15:M82) -> 1.3612765e+09 | Q83: =SUM(Q15:Q82) -> 1.1773815e+09 | T83: =SUM(T15:T82) -> 1.1848727e+09

Sheet Launches   XL   SX   DX
E2: 3 Bedroom Pool | G2: 3 Bedroom XL | I2: 4 Bedroom SX | O2: 3 BR Pool Ascending | Q2: 104.3609
B3: Launch 1 | E3: =7096.54117626827+100 -> 7196.5412 | F3: =Q4 -> 0 | G3: 6250 | H3: =Q3 -> 104 | I3: 10179.707 | J3: =Q6 -> 496.57108 | L3: 6000 | O3: 4 BR Pool Ascending | Q3: 104
B4: Launch 2 | E4: =E3*1.05 -> 7556.3682 | F4: =F3 -> 0 | G4: =G3*1.05 -> 6562.5 | H4: =H3 -> 104 | I4: =I3*1.05 -> 10688.692 | J4: =J3 -> 496.57108 | L4: 6061.1238
B5: Launch 3 | E5: =E4*1.07 -> 8085.314 | F5: =F4 -> 0 | G5: =G4*1.07 -> 7021.875 | H5: =H4 -> 104 | I5: =I4*1.07 -> 11436.901 | J5: =J4 -> 496.57108 | O5: 3 DX Ascending | Q5: 308.36986 | T5: =E11-Q5-Q4-Q3-Q6 -> 9164.4745
O6: 4 XL Ascending | Q6: 496.57108
B7: Average | E7: =AVERAGE(E3:E6) -> 7612.7411 | F7: =SUM(F3:F6) -> 0 | G7: =AVERAGE(G3:G6) -> 6611.4583 | H7: =SUM(H3:H6) -> 312 | I7: =AVERAGE(I3:I6) -> 10768.433 | J7: =SUM(J3:J6) -> 1489.7132 | O7: 4 DX Ascending | Q7: 305.48299
O8: 3 Pool Terrace | Q8: 0.65
F9: =G11-E11 -> 426.58451 | O9: 4 Pool Terrace Rate | Q9: 0.55
E10: 3 Bedroom DX | G10: 4 Bedroom DX | I10: 5 Bedroom DX | O10: DX Terrace Rate | Q10: 0.75
B11: Launch 1 | E11: 10073.415 | F11: =Q5 -> 308.36986 | G11: 10500 | H11: =Q7 -> 305.48299 | I11: 15798.806 | O11: XL Terrace Rate | Q11: 0.65
B12: Launch 2 | E12: =E11*1.05 -> 10577.086 | F12: =F11 -> 308.36986 | G12: =G11*1.05 -> 11025 | H12: =H11 -> 305.48299 | I12: =I11*1.05 -> 16588.746 | O12: Duplex Premium
B13: Launch 3 | E13: =E12*1.07 -> 11317.482 | F13: =F12 -> 308.36986 | G13: =G12*1.07 -> 11796.75 | H13: =H12 -> 305.48299 | I13: =I12*1.07 -> 17749.959 | O13: 4 mt Premium
O14: Premium Over Standard 3 BR | Q14: =J20-'Launches Residences'!M41 -> 6843673.2
B15: Average | E15: =AVERAGE(E11:E14) -> 10655.995 | F15: =SUM(F11:F14) -> 925.10959 | G15: =AVERAGE(G11:G14) -> 11107.25 | H15: =SUM(H11:H14) -> 916.44897 | I15: =AVERAGE(I11:I14) -> 16712.504 | J15: =SUM(J11:J14) -> 0
E17: Launch 1
E18: Floor | F18: Rate | H18: 3 BR Pool | K18: 4 BR Pool | N18: 4 BR SX | Q18: 3 BR DX | T18: 4 BR DX | W18: 5 BR DX
B19: Status | C19: Unit Type 1 | D19: Unit Type 1 | F19: 3-BR | G19: 4 BR Pool | H19: Internal | I19: External | J19: Total | K19: Internal | L19: External | M19: Total | N19: Internal | O19: External | P19: Total | Q19: Internal | R19: External | S19: Total | T19: Internal | U19: External | V19: Total | W19: Internal | X19: External | Y19: Total
B20: Current | C20: =MAX('Launches Residences'!$D$15:$D$82)+100 -> 6001 | D20: =IFERROR(C20+1,"") -> 6002 | E20: =LEFT(C20,2) -> 60 | F20: 7096.5412 | G20: 5700 | H20: =IFERROR(F20*'Muraba Veil Sale Summary'!$F$9,0) -> 20441800 | I20: =IFERROR(F20*$Q$8*'Muraba Veil Sale Summary'!$G$9,0) -> 9498780 | J20: =H20+I20 -> 29940580 | K20: =IFERROR(G20*'Muraba Veil Sale Summary'!$F$10,0) -> 26468241 | L20: =IFERROR(G20*$Q$9*'Muraba Veil Sale Summary'!$G$10,0) -> 16486388 | M20: =K20+L20 -> 42954629
B21: Current | C21: =IF(E21="","",C20+100) -> 6101 | D21: =IFERROR(C21+1,"") -> 6102 | E21: =E20+1 -> 61 | F21: 7200.9021 | G21: 6354 | H21: =IFERROR(F21*'Muraba Veil Sale Summary'!$F$9,0) -> 20742415 | I21: =IFERROR(F21*$Q$8*'Muraba Veil Sale Summary'!$G$9,0) -> 9638467.9 | J21: =H21+I21 -> 30380883 | K21: =IFERROR(G21*'Muraba Veil Sale Summary'!$F$10,0) -> 29505123 | L21: =IFERROR(G21*$Q$9*'Muraba Veil Sale Summary'!$G$10,0) -> 18377985 | M21: =K21+L21 -> 47883107
B22: Current | C22: =IF(E22="","",C21+200) -> 6301 | D22: =IFERROR(C22+1,"") -> 6302 | E22: =E21+2 -> 63 | F22: 7287.1561 | G22: 6458 | H22: =IFERROR(F22*'Muraba Veil Sale Summary'!$F$9,0) -> 20990872 | I22: =IFERROR(F22*$Q$8*'Muraba Veil Sale Summary'!$G$9,0) -> 9753919.7 | J22: =H22+I22 -> 30744792 | K22: =IFERROR(G22*'Muraba Veil Sale Summary'!$F$10,0) -> 29988052 | L22: =IFERROR(G22*$Q$9*'Muraba Veil Sale Summary'!$G$10,0) -> 18678789 | M22: =K22+L22 -> 48666841
B23: Current | C23: =IF(E23="","",C22+100) -> 6401 | D23: =IFERROR(C23+1,"") -> 6402 | E23: =E22+1 -> 64 | F23: 7213.4253 | G23: 6562 | H23: =IFERROR(F23*'Muraba Veil Sale Summary'!$F$9,0) -> 20778489 | I23: =IFERROR(F23*$Q$8*'Muraba Veil Sale Summary'!$G$9,0) -> 9655230.4 | J23: =H23+I23 -> 30433719 | K23: =IFERROR(G23*'Muraba Veil Sale Summary'!$F$10,0) -> 30470981 | L23: =IFERROR(G23*$Q$9*'Muraba Veil Sale Summary'!$G$10,0) -> 18979593 | M23: =K23+L23 -> 49450574
B24: Current | C24: =IF(E24="","",C23+100) -> 6501 | D24: =IFERROR(C24+1,"") -> 6502 | E24: =E23+1 -> 65 | F24: 7827.0675 | G24: 6875.0827 | H24: =IFERROR(F24*'Muraba Veil Sale Summary'!$F$9,0) -> 22546103 | I24: =IFERROR(F24*$Q$8*'Muraba Veil Sale Summary'!$G$9,0) -> 10476596 | J24: =H24+I24 -> 33022699 | K24: =IFERROR(G24*'Muraba Veil Sale Summary'!$F$10,0) -> 31924797 | L24: =IFERROR(G24*$Q$9*'Muraba Veil Sale Summary'!$G$10,0) -> 19885137 | M24: =K24+L24 -> 51809934
B25: Current | C25: =IF(E25="","",C24+100) -> 6601 | D25: =IFERROR(C25+1,"") -> 6602 | E25: =E24+1 -> 66 | F25: 7931.4284 | G25: 6979.0827 | H25: =IFERROR(F25*'Muraba Veil Sale Summary'!$F$9,0) -> 22846718 | I25: =IFERROR(F25*$Q$8*'Muraba Veil Sale Summary'!$G$9,0) -> 10616284 | J25: =H25+I25 -> 33463001 | K25: =IFERROR(G25*'Muraba Veil Sale Summary'!$F$10,0) -> 32407726 | L25: =IFERROR(G25*$Q$9*'Muraba Veil Sale Summary'!$G$10,0) -> 20185942 | M25: =K25+L25 -> 52593668
B26: Current | C26: =IF(E26="","",C25+200) -> 6801 | D26: =IFERROR(C26+1,"") -> 6802 | E26: =E25+1 -> 67 | F26: 8035.7893 | G26: 7083.0827 | H26: =IFERROR(F26*'Muraba Veil Sale Summary'!$F$9,0) -> 23147333 | I26: =IFERROR(F26*$Q$8*'Muraba Veil Sale Summary'!$G$9,0) -> 10755971 | J26: =H26+I26 -> 33903304 | K26: =IFERROR(G26*'Muraba Veil Sale Summary'!$F$10,0) -> 32890655 | L26: =IFERROR(G26*$Q$9*'Muraba Veil Sale Summary'!$G$10,0) -> 20486746 | M26: =K26+L26 -> 53377401
B27: Current | C27: =IF(E27="","",C26+100) | D27: =IFERROR(C27+1,"") | F27: =IF(C27="","",F26+'Launches XL SX DX'!$Q$2) | G27: =IF(D27="","",G26+$Q$3) | H27: =IFERROR(F27*'Muraba Veil Sale Summary'!$F$9,0) -> 0 | I27: =IFERROR(F27*$Q$8*'Muraba Veil Sale Summary'!$G$9,0) -> 0 | J27: =H27+I27 -> 0 | K27: =IFERROR(G27*'Muraba Veil Sale Summary'!$F$10,0) -> 0 | L27: =IFERROR(G27*$Q$9*'Muraba Veil Sale Summary'!$G$10,0) -> 0 | M27: =K27+L27 -> 0
B28: Current | C28: =IF(E28="","",C27+100) | D28: =IFERROR(C28+1,"") | F28: =IF(C28="","",F27+'Launches XL SX DX'!$Q$2) | G28: =IF(D28="","",G27+$Q$3) | H28: =IFERROR(F28*'Muraba Veil Sale Summary'!$F$9,0) -> 0 | I28: =IFERROR(F28*$Q$8*'Muraba Veil Sale Summary'!$G$9,0) -> 0 | J28: =H28+I28 -> 0 | K28: =IFERROR(G28*'Muraba Veil Sale Summary'!$F$10,0) -> 0 | L28: =IFERROR(G28*$Q$9*'Muraba Veil Sale Summary'!$G$10,0) -> 0 | M28: =K28+L28 -> 0
B29: Current | C29: =IF(E29="","",C28+100) | D29: =IFERROR(C29+1,"") | F29: =IF(C29="","",F28+'Launches XL SX DX'!$Q$2) | G29: =IF(D29="","",G28+$Q$3) | H29: =IFERROR(F29*'Muraba Veil Sale Summary'!$F$9,0) -> 0 | I29: =IFERROR(F29*$Q$8*'Muraba Veil Sale Summary'!$G$9,0) -> 0 | J29: =H29+I29 -> 0 | K29: =IFERROR(G29*'Muraba Veil Sale Summary'!$F$10,0) -> 0 | L29: =IFERROR(G29*$Q$9*'Muraba Veil Sale Summary'!$G$10,0) -> 0 | M29: =K29+L29 -> 0
B30: Current | C30: =IF(E30="","",C29+100) | D30: =IFERROR(C30+1,"") | F30: =IF(C30="","",F29+'Launches XL SX DX'!$Q$2) | G30: =IF(D30="","",G29+$Q$3) | H30: =IFERROR(F30*'Muraba Veil Sale Summary'!$F$9,0) -> 0 | I30: =IFERROR(F30*$Q$8*'Muraba Veil Sale Summary'!$G$9,0) -> 0 | J30: =H30+I30 -> 0 | K30: =IFERROR(G30*'Muraba Veil Sale Summary'!$F$10,0) -> 0 | L30: =IFERROR(G30*$Q$9*'Muraba Veil Sale Summary'!$G$10,0) -> 0 | M30: =K30+L30 -> 0
B31: Current | C31: =IF(E31="","",C30+100) | D31: =IFERROR(C31+1,"") | F31: =IF(C31="","",F30+'Launches XL SX DX'!$Q$2) | G31: =IF(D31="","",G30+$Q$3) | H31: =IFERROR(F31*'Muraba Veil Sale Summary'!$F$9,0) -> 0 | I31: =IFERROR(F31*$Q$8*'Muraba Veil Sale Summary'!$G$9,0) -> 0 | J31: =H31+I31 -> 0 | K31: =IFERROR(G31*'Muraba Veil Sale Summary'!$F$10,0) -> 0 | L31: =IFERROR(G31*$Q$9*'Muraba Veil Sale Summary'!$G$10,0) -> 0 | M31: =K31+L31 -> 0
B32: Current | C32: =IF(E32="","",C31+100) | D32: =IFERROR(C32+1,"") | F32: =IF(C32="","",F31+'Launches XL SX DX'!$Q$2) | G32: =IF(D32="","",G31+$Q$3) | H32: =IFERROR(F32*'Muraba Veil Sale Summary'!$F$9,0) -> 0 | I32: =IFERROR(F32*$Q$8*'Muraba Veil Sale Summary'!$G$9,0) -> 0 | J32: =H32+I32 -> 0 | K32: =IFERROR(G32*'Muraba Veil Sale Summary'!$F$10,0) -> 0 | L32: =IFERROR(G32*$Q$9*'Muraba Veil Sale Summary'!$G$10,0) -> 0 | M32: =K32+L32 -> 0
B33: Current | C33: =IF(E33="","",C32+100) | D33: =IFERROR(C33+1,"") | F33: =IF(C33="","",F32+'Launches XL SX DX'!$Q$2) | G33: =IF(D33="","",G32+$Q$3) | H33: =IFERROR(F33*'Muraba Veil Sale Summary'!$F$9,0) -> 0 | I33: =IFERROR(F33*$Q$8*'Muraba Veil Sale Summary'!$G$9,0) -> 0 | J33: =H33+I33 -> 0 | K33: =IFERROR(G33*'Muraba Veil Sale Summary'!$F$10,0) -> 0 | L33: =IFERROR(G33*$Q$9*'Muraba Veil Sale Summary'!$G$10,0) -> 0 | M33: =K33+L33 -> 0
B34: Proposed | C34: =IF(E34="","",C33+100) | D34: =IFERROR(C34+1,"") | F34: =IF(C34="","",F33+'Launches XL SX DX'!$Q$2) | G34: =IF(D34="","",G33+$Q$3) | H34: =IFERROR(F34*'Muraba Veil Sale Summary'!$F$9,0) -> 0 | I34: =IFERROR(F34*$Q$8*'Muraba Veil Sale Summary'!$G$9,0) -> 0 | J34: =H34+I34 -> 0 | K34: =IFERROR(G34*'Muraba Veil Sale Summary'!$F$10,0) -> 0 | L34: =IFERROR(G34*$Q$9*'Muraba Veil Sale Summary'!$G$10,0) -> 0 | M34: =K34+L34 -> 0
B35: Proposed | C35: =IF(E35="","",C34+100) | D35: =IFERROR(C35+1,"") | F35: =IF(C35="","",F34+'Launches XL SX DX'!$Q$2) | G35: =IF(D35="","",G34+$Q$3) | H35: =IFERROR(F35*'Muraba Veil Sale Summary'!$F$9,0) -> 0 | I35: =IFERROR(F35*$Q$8*'Muraba Veil Sale Summary'!$G$9,0) -> 0 | J35: =H35+I35 -> 0 | K35: =IFERROR(G35*'Muraba Veil Sale Summary'!$F$10,0) -> 0 | L35: =IFERROR(G35*$Q$9*'Muraba Veil Sale Summary'!$G$10,0) -> 0 | M35: =K35+L35 -> 0
B36: Proposed | C36: =IF(E36="","",C35+100) | D36: =IFERROR(C36+1,"") | F36: =IF(C36="","",F35+'Launches XL SX DX'!$Q$2) | G36: =IF(D36="","",G35+$Q$3) | H36: =IFERROR(F36*'Muraba Veil Sale Summary'!$F$9,0) -> 0 | I36: =IFERROR(F36*$Q$8*'Muraba Veil Sale Summary'!$G$9,0) -> 0 | J36: =H36+I36 -> 0 | K36: =IFERROR(G36*'Muraba Veil Sale Summary'!$F$10,0) -> 0 | L36: =IFERROR(G36*$Q$9*'Muraba Veil Sale Summary'!$G$10,0) -> 0 | M36: =K36+L36 -> 0
